warning: in the working copy of 'evals/report.md', LF will be replaced by CRLF the next time Git touches it
.ai/workflow-reliability/.gitattributes:1: trailing whitespace.
+# Keep recorded hashes and command evidence stable across checkout platforms.
.ai/workflow-reliability/.gitattributes:2: trailing whitespace.
+* -text
.ai/workflow-reliability/design-contracts.json:1: trailing whitespace.
+{
.ai/workflow-reliability/design-contracts.json:2: trailing whitespace.
+  "document": "Workflow reliability design contracts",
.ai/workflow-reliability/design-contracts.json:3: trailing whitespace.
+  "revision": "r2",
.ai/workflow-reliability/design-contracts.json:4: trailing whitespace.
+  "status": "PROPOSED; bounded revision for accepted DR1-DR7; not implementation or independent approval",
.ai/workflow-reliability/design-contracts.json:5: trailing whitespace.
+  "implementation_clarifications": {
.ai/workflow-reliability/design-contracts.json:6: trailing whitespace.
+    "shared_measurement_outputs": "Observed integration counterexample i1-child-freshness-red.log: publishing parent metrics immediately invalidated child source binding. The existing own-generated-output invariant includes the exact same-run metrics.json and slug metrics display alias, alongside the current mutation report. These explicit generated report paths are excluded by the shared invocation; other contracts and unrelated evidence stay observed. No new exclusion flag, exemption, identity or workflow dependency."
.ai/workflow-reliability/design-contracts.json:7: trailing whitespace.
+  },
.ai/workflow-reliability/design-contracts.json:8: trailing whitespace.
+  "base": "bcc971d3b64559127dfc43eb0bfd4348c42803ca",
.ai/workflow-reliability/design-contracts.json:9: trailing whitespace.
+  "overview": "design.html",
.ai/workflow-reliability/design-contracts.json:10: trailing whitespace.
+  "notation": "Typed design records, not a runtime DSL. Listed fields are required unless suffixed ?. Use ordinary standard-library validation; reject unknown versions/enums, duplicate JSON keys/IDs, malformed hashes and non-finite numbers. Arrays of record references are not executable expressions. The records below are the single definitions; procedures reference them rather than introducing alternative fields.",
.ai/workflow-reliability/design-contracts.json:11: trailing whitespace.
+  "dispositions": {
.ai/workflow-reliability/design-contracts.json:12: trailing whitespace.
+    "DR1": "ACCEPTED. run_capture gains an optional synchronous lifecycle observer exposing the actual Popen child identity while alive, not only env/return tuple. Durable launch-intent precedes Popen; spawned and direct-exited events do not close the crash interval or prove descendant death. Recovery explicitly needs supported termination evidence; unknown spawn/tree remains blocked. Live-child, observer-write-failure and uncertain-spawn crash cases are required. No supervisor or host API.",
.ai/workflow-reliability/design-contracts.json:13: trailing whitespace.
+    "DR2": "ACCEPTED. Remove allowed_outputs enforcement claim. declared_changes is reviewed scope guidance only; runtime detects changes solely in observed source scopes and makes no claim about writes elsewhere, even by a routed child.",
.ai/workflow-reliability/design-contracts.json:14: trailing whitespace.
+    "DR3": "ACCEPTED. Only Action.requires and Increment.requires own forward edges for their distinct admission/closure targets. Remove Check.gates/prerequisites, Increment.actions/due_checks/regression_checks/depends_on, Action.depends_on/check_id and copied replay commands. Membership, reverse edges, future/due sets and replay are derived.",
.ai/workflow-reliability/design-contracts.json:15: trailing whitespace.
+    "DR4": "ACCEPTED. Explicitly bind references\\delegation.md and references\\testing-and-e2e.md: resolve current-design pointer in briefs, preserve mandatory fresh roles, admit before-action red/handoffs, label direct run.py execution diagnostic/unbound.",
.ai/workflow-reliability/design-contracts.json:16: trailing whitespace.
+    "DR5": "ACCEPTED. New I1-owned scripts\\evidence.py supplies file snapshots, exclusive local lock and atomic JSON independent of workflow state. Standalone probe/mutation require no adoption, ledger, BootstrapReview, imports or exemptions. SourceSnapshot is distinct from guard ContractBinding; no silently empty guarded bindings. Generic --measurements/imported metric and exemption machinery removed.",
.ai/workflow-reliability/design-contracts.json:17: trailing whitespace.
+    "DR6": "ACCEPTED. Remove asserted product-wide OS-temp ban and scratch-only rewrites of existing runners. Exact ownership and cleanup remain required; private temporary directories or project-local scratch are implementation choices subject to the actual execution environment.",
.ai/workflow-reliability/design-contracts.json:18: trailing whitespace.
+    "DR7": "ACCEPTED. Define bounded experimental blindness by neutral participant inputs/history, independent evaluator, withheld cause/oracle, manifests and available access traces, with post-run grading. Shared filesystem is disclosed, not isolation. Exposure or insufficient records makes blindness unverified, but does not block independent P0 delivery."
.ai/workflow-reliability/design-contracts.json:19: trailing whitespace.
+  },
.ai/workflow-reliability/design-contracts.json:20: trailing whitespace.
+  "sources": {
.ai/workflow-reliability/design-contracts.json:21: trailing whitespace.
+    "S1": "scripts\\mutate.py:35-57,79-111,149-184,196-253,256-366: CODE_EXT, OPERATORS, detect_test_cmd(repo), changed_lines(repo, base), build_mutants(repo, targets, limit), main(); read; research E01-E04.",
.ai/workflow-reliability/design-contracts.json:22: trailing whitespace.
+    "S2": "scripts\\probe.py:26-29,97-104,129-224,274-376,379-495: code_files(root), collect(root, skip_mutation), mutation_entry(repo, slug, base, skip), judge(name, base, head, greenfield=False), main(); read; research E01/E06-E10.",
.ai/workflow-reliability/design-contracts.json:23: trailing whitespace.
+    "S3": "scripts\\run.py:42-140: _kill_tree(proc), _popen(cmd, cwd=None, merge_stderr=True), run_capture(cmd, cwd=None, idle=300.0, max_total=0.0); reopened for r2. Popen is local; monitor dies with caller; tree cleanup is best effort. Tuple does not prove orphan termination.",
.ai/workflow-reliability/design-contracts.json:24: trailing whitespace.
+    "S4": "evals\\lib\\score.mjs:9-13,26-39,108-187: parseTap, runTestQuality, testQualityScore, composite; evals\\run.mjs:35-43 TQ_BAR=0.9; read; research E11-E14.",
.ai/workflow-reliability/design-contracts.json:25: trailing whitespace.
+    "S5": "examples\\team-planner\\scripts\\check.mjs:5-29, mutation.mjs:18-58, package.json:4-11; read; research E19. Native execution, SHA-256 and conservative failure classification are prior art; historical example is not an edit target.",
.ai/workflow-reliability/design-contracts.json:26: trailing whitespace.
+    "S6": "references\\planning.md:53-121,151-156,178-201; references\\workspace.md:16-29,81-104,124-135; read; research E16-E17. Stable IDs, due checks, owners, independent increments and scoped reopening.",
.ai/workflow-reliability/design-contracts.json:27: trailing whitespace.
+    "S7": "SKILL.md:246-310,329-399; references\\review-and-pr.md:115-159; references\\design-doc.md; read; research E16-E18/E25. Canonical triggers, current contract and independent review.",
.ai/workflow-reliability/design-contracts.json:28: trailing whitespace.
+    "S8": "references\\research.md:130-149,175-189; references\\communication.md:18-90; references\\final-report.md:18-45; references\\quality-metrics.md:120-216; references\\quality-bar.md:35-55; read; research E18/E25.",
.ai/workflow-reliability/design-contracts.json:29: trailing whitespace.
+    "S9": "evals\\agent\\workspace.mjs:15-47; evals\\agent\\live.mjs:25-32,60-73,99-137; read; research E21-E24. Neutral seed/oracle separation, incomplete script staging, Git hygiene distinct from workflow proof.",
.ai/workflow-reliability/design-contracts.json:30: trailing whitespace.
+    "S10": "CONTRIBUTING.md:11-15,31-44,77-91; references\\code-clarity.md and project-profile.md; README.md:142-185; docs\\architecture.md:57-78; evals\\README.md:89-106; read. Native/dependency-free conventions and canonical ownership.",
.ai/workflow-reliability/design-contracts.json:31: trailing whitespace.
+    "S11": "https://nodejs.org/download/release/v22.0.0/docs/api/test.json: custom reporters, TestsStream test:pass/test:fail/test:plan; fetched in r1. Async-generator reporter receives identity, nesting and details.error.cause. Fixtures, not documentation alone, must validate supported event shapes.",
.ai/workflow-reliability/design-contracts.json:32: trailing whitespace.
+    "S12": "evidence\\p0-reproductions.json: parent-run original-source hashes, omitted ESM/CJS targets, independent node --check failure versus mutate 100% kill, probe exit 0/pass with unavailable measurements, stale 100 score after dirty-prerequisite failure. Read, not rerun. Pre-fix counterexamples only; corrected serialization setup error is not behavioral red.",
.ai/workflow-reliability/design-contracts.json:33: trailing whitespace.
+    "S13": "references\\delegation.md:19-24,34-55,108-155; references\\testing-and-e2e.md:19-36,49-75; read for r2. Current briefs pass design.html; testing instructions use direct run.py. Both require explicit guarded/current-pointer integration."
.ai/workflow-reliability/design-contracts.json:34: trailing whitespace.
+  },
.ai/workflow-reliability/design-contracts.json:35: trailing whitespace.
+  "boundaries": {
.ai/workflow-reliability/design-contracts.json:36: trailing whitespace.
+    "measurement_first": "I1 owns evidence.py, standalone source-bound reports, native classification and metric completeness. evidence.py imports no workflow modules. mutate.py/probe.py never call load_workspace, adopt or ledger validation. Running with only a Git fixture and tests must produce a fresh honest report, including a failing incomplete report, without workflow.json or current-design.json. I1 retains ordinary independent review/verification obligations through existing artifact procedures; the not-yet-built guard is not claimed as their executor.",
.ai/workflow-reliability/design-contracts.json:37: trailing whitespace.
+    "guard_later": "workflow_state.py imports evidence.py, not the reverse. The guard pairs SourceSnapshot with explicit ContractBinding only when admitting a check. A standalone report has binding_mode=standalone-source and is not automatically a guarded receipt. A metrics check reruns the producer after admission with the same run ID, then verifies returned source/command/policy hashes and attaches its own contract binding.",
.ai/workflow-reliability/design-contracts.json:38: trailing whitespace.
+    "removed_ceremony": "No --measurements import API, metric-receipt reuse, caller-authored not-applicable exemptions or generic bootstrap record in this scope. Missing diff-coverage/architecture collection remains required-unavailable and fails closed; no substitute green. Future collectors can add measurements without redesigning collection. Initial guard adoption uses an ordinary independently attributed design-review artifact bound to candidate hashes, grants no historical execution/temporal proof and is never prerequisite to I1.",
.ai/workflow-reliability/design-contracts.json:39: trailing whitespace.
+    "trust": "Only routed commands are admitted. Self-declared role/context IDs are not authentication. File hashes cover declared observed scopes, not the whole machine. Neither the guard nor experiment inputs create a filesystem sandbox; outside-scope writes and host tools remain outside the observation guarantee."
.ai/workflow-reliability/design-contracts.json:40: trailing whitespace.
+  },
.ai/workflow-reliability/design-contracts.json:41: trailing whitespace.
+  "interfaces": [
.ai/workflow-reliability/design-contracts.json:42: trailing whitespace.
+    {
.ai/workflow-reliability/design-contracts.json:43: trailing whitespace.
+      "component": "scripts\\evidence.py",
.ai/workflow-reliability/design-contracts.json:44: trailing whitespace.
+      "kind": "new; independent measurement-first primitives",
.ai/workflow-reliability/design-contracts.json:45: trailing whitespace.
+      "acs": ["AC01", "AC02", "AC03", "AC09"],
.ai/workflow-reliability/design-contracts.json:46: trailing whitespace.
+      "sources": ["S2", "S5", "S10"],
.ai/workflow-reliability/design-contracts.json:47: trailing whitespace.
+      "signatures": [
.ai/workflow-reliability/design-contracts.json:48: trailing whitespace.
+        "source_snapshot(root: Path, scope: FileScope) -> SourceSnapshot",
.ai/workflow-reliability/design-contracts.json:49: trailing whitespace.
+        "write_json_atomic(path: Path, value: dict) -> None",
.ai/workflow-reliability/design-contracts.json:50: trailing whitespace.
+        "exclusive_lock(path: Path, owner: dict) -> ContextManager[None]"
.ai/workflow-reliability/design-contracts.json:51: trailing whitespace.
+      ],
.ai/workflow-reliability/design-contracts.json:52: trailing whitespace.
+      "responsibility": "Hash enumerated input bytes; same-directory atomic JSON replacement; exclusive local lock creation. No contract, ledger, adoption or proof policy.",
.ai/workflow-reliability/design-contracts.json:53: trailing whitespace.
+      "collaborators": ["mutate.py", "probe.py", "later workflow_state.py", "stdlib json/hashlib/os/pathlib"],
.ai/workflow-reliability/design-contracts.json:54: trailing whitespace.
+      "principle": "Small shared mechanism with dependency direction from policy to mechanism."
.ai/workflow-reliability/design-contracts.json:55: trailing whitespace.
+    },
.ai/workflow-reliability/design-contracts.json:56: trailing whitespace.
+    {
.ai/workflow-reliability/design-contracts.json:57: trailing whitespace.
+      "component": "scripts\\mutate.py",
.ai/workflow-reliability/design-contracts.json:58: trailing whitespace.
+      "kind": "changed",
.ai/workflow-reliability/design-contracts.json:59: trailing whitespace.
+      "acs": ["AC01", "AC02", "AC09"],
.ai/workflow-reliability/design-contracts.json:60: trailing whitespace.
+      "sources": ["S1", "S3", "S5", "S12"],
.ai/workflow-reliability/design-contracts.json:61: trailing whitespace.
+      "signatures": [
.ai/workflow-reliability/design-contracts.json:62: trailing whitespace.
+        "select_test_run(repo_root: Path, test_cwd: Path, argv: list[str] | None) -> TestRun",
.ai/workflow-reliability/design-contracts.json:63: trailing whitespace.
+        "detect_test_cmd(repo: str) -> list[str] | None",
.ai/workflow-reliability/design-contracts.json:64: trailing whitespace.
+        "changed_lines(repo: str, base: str) -> dict[str, set[int]]",
.ai/workflow-reliability/design-contracts.json:65: trailing whitespace.
+        "build_mutants(repo: str, targets: dict[str, set[int]], limit: int) -> list[dict]"
.ai/workflow-reliability/design-contracts.json:66: trailing whitespace.
+      ],
.ai/workflow-reliability/design-contracts.json:67: trailing whitespace.
+      "responsibility": "Discover, mutate, execute and restore; emit current-run classified results.",
.ai/workflow-reliability/design-contracts.json:68: trailing whitespace.
+      "delta": "Add .mjs/.cjs to both discovery sets. Add strict equality and token-boundary guards so comparisons cannot select =>, shifts or partial operators. Skip lexically ambiguous regex/template/comment spans with reasons; no parser framework. node --check each generated JS-family mutant before native tests. Retain exclusions, deterministic spread and default max=20.",
.ai/workflow-reliability/design-contracts.json:69: trailing whitespace.
+      "collaborators": ["run_capture", "native_result.mjs", "evidence.py"],
.ai/workflow-reliability/design-contracts.json:70: trailing whitespace.
+      "principle": "Extend existing discovery/operator path instead of building a second mutation engine."
.ai/workflow-reliability/design-contracts.json:71: trailing whitespace.
+    },
.ai/workflow-reliability/design-contracts.json:72: trailing whitespace.
+    {
.ai/workflow-reliability/design-contracts.json:73: trailing whitespace.
+      "component": "scripts\\native_result.mjs",
.ai/workflow-reliability/design-contracts.json:74: trailing whitespace.
+      "kind": "new",
.ai/workflow-reliability/design-contracts.json:75: trailing whitespace.
+      "acs": ["AC01", "AC06", "AC09"],
.ai/workflow-reliability/design-contracts.json:76: trailing whitespace.
+      "sources": ["S4", "S5", "S11"],
.ai/workflow-reliability/design-contracts.json:77: trailing whitespace.
+      "signatures": [
.ai/workflow-reliability/design-contracts.json:78: trailing whitespace.
+        "export default async function* report(source: AsyncIterable<TestEvent>): AsyncGenerator<string>",
.ai/workflow-reliability/design-contracts.json:79: trailing whitespace.
+        "export function parseReport(text: string): NativeResult"
.ai/workflow-reliability/design-contracts.json:80: trailing whitespace.
+      ],
.ai/workflow-reliability/design-contracts.json:81: trailing whitespace.
+      "responsibility": "Normalize native test events, never child log phrases, into one result protocol.",
.ai/workflow-reliability/design-contracts.json:82: trailing whitespace.
+      "delta": "Replace count/string heuristics in mutation and runTestQuality with real leaf outcome/cause classification. Existing parseTap signature/count semantics for other consumers remain unchanged.",
.ai/workflow-reliability/design-contracts.json:83: trailing whitespace.
+      "collaborators": ["Node custom reporter API", "mutate.py JSON reader", "evals\\lib\\score.mjs"],
.ai/workflow-reliability/design-contracts.json:84: trailing whitespace.
+      "principle": "Shared Node result format without a Python dependency in Node-only evals."
.ai/workflow-reliability/design-contracts.json:85: trailing whitespace.
+    },
.ai/workflow-reliability/design-contracts.json:86: trailing whitespace.
+    {
.ai/workflow-reliability/design-contracts.json:87: trailing whitespace.
+      "component": "scripts\\probe.py",
.ai/workflow-reliability/design-contracts.json:88: trailing whitespace.
+      "kind": "changed",
.ai/workflow-reliability/design-contracts.json:89: trailing whitespace.
+      "acs": ["AC02", "AC09"],
.ai/workflow-reliability/design-contracts.json:90: trailing whitespace.
+      "sources": ["S2", "S8", "S12"],
.ai/workflow-reliability/design-contracts.json:91: trailing whitespace.
+      "signatures": [
.ai/workflow-reliability/design-contracts.json:92: trailing whitespace.
+        "assess_report(metrics: dict[str, Measurement], policy: MetricPolicy) -> MetricVerdict",
.ai/workflow-reliability/design-contracts.json:93: trailing whitespace.
+        "judge(name, base, head, greenfield=False) -> tuple[dict | None, str]",
.ai/workflow-reliability/design-contracts.json:94: trailing whitespace.
+        "mutation_entry(repo, slug, base, skip, *, run_id, test_run=None) -> Measurement"
.ai/workflow-reliability/design-contracts.json:95: trailing whitespace.
+      ],
.ai/workflow-reliability/design-contracts.json:96: trailing whitespace.
+      "responsibility": "Keep collection independent of completeness/regression assessment.",
.ai/workflow-reliability/design-contracts.json:97: trailing whitespace.
+      "delta": "Failed baseline inventory becomes unknown, not greenfield. Missing baseline comparison is unavailable, not ok. Reject failed/empty/malformed or partially unsupported analyzer output as complete measurement. Only consume this invocation's mutation report after checking return code, ID, inputs and restoration.",
.ai/workflow-reliability/design-contracts.json:98: trailing whitespace.
+      "collaborators": ["existing collectors", "mutate.py", "evidence.py"],
.ai/workflow-reliability/design-contracts.json:99: trailing whitespace.
+      "principle": "An honest partial result requires no workflow initialization."
.ai/workflow-reliability/design-contracts.json:100: trailing whitespace.
+    },
.ai/workflow-reliability/design-contracts.json:101: trailing whitespace.
+    {
.ai/workflow-reliability/design-contracts.json:102: trailing whitespace.
+      "component": "scripts\\run.py",
.ai/workflow-reliability/design-contracts.json:103: trailing whitespace.
+      "kind": "changed; backward-compatible optional seams",
.ai/workflow-reliability/design-contracts.json:104: trailing whitespace.
+      "acs": ["AC01", "AC04", "AC05", "AC09"],
.ai/workflow-reliability/design-contracts.json:105: trailing whitespace.
+      "sources": ["S3", "S4"],
.ai/workflow-reliability/design-contracts.json:106: trailing whitespace.
+      "signatures": [
.ai/workflow-reliability/design-contracts.json:107: trailing whitespace.
+        "run_capture(cmd, cwd=None, idle=300.0, max_total=0.0, *, env=None, observe=None) -> tuple[int, str, str]",
.ai/workflow-reliability/design-contracts.json:108: trailing whitespace.
+        "_popen(cmd, cwd=None, merge_stderr=True, *, env=None)",
.ai/workflow-reliability/design-contracts.json:109: trailing whitespace.
+        "observe(event: ProcessObservation) -> None (synchronous caller callback)"
.ai/workflow-reliability/design-contracts.json:110: trailing whitespace.
+      ],
.ai/workflow-reliability/design-contracts.json:111: trailing whitespace.
+      "responsibility": "Continue bounded capture/PID-scoped best-effort cleanup. env enables isolated native tests; optional observe exposes actual lifecycle while the process handle is available.",
.ai/workflow-reliability/design-contracts.json:112: trailing whitespace.
+      "delta": "I1 uses env only. Guard uses observe for launch-failed, spawned immediately after successful Popen, and direct-exited after wait. Callback persistence failure triggers best-effort owned cleanup and an observer-error result, never a success receipt. No default observer, background supervisor or automatic orphan discovery.",
.ai/workflow-reliability/design-contracts.json:113: trailing whitespace.
+      "collaborators": ["mutate.py", "workflow.py observer", "existing _kill_tree"],
.ai/workflow-reliability/design-contracts.json:114: trailing whitespace.
+      "principle": "Expose known process facts; never infer whole-tree death from tuple status or root PID."
.ai/workflow-reliability/design-contracts.json:115: trailing whitespace.
+    },
.ai/workflow-reliability/design-contracts.json:116: trailing whitespace.
+    {
.ai/workflow-reliability/design-contracts.json:117: trailing whitespace.
+      "component": "scripts\\workflow_gate.py",
.ai/workflow-reliability/design-contracts.json:118: trailing whitespace.
+      "kind": "new",
.ai/workflow-reliability/design-contracts.json:119: trailing whitespace.
+      "acs": ["AC03", "AC05", "AC07", "AC08", "AC09"],
.ai/workflow-reliability/design-contracts.json:120: trailing whitespace.
+      "sources": ["S6", "S7", "S8"],
.ai/workflow-reliability/design-contracts.json:121: trailing whitespace.
+      "signatures": ["evaluate(contract: WorkflowContract, ledger: Ledger, inputs: GuardSnapshot, target: Target) -> Readiness"],
.ai/workflow-reliability/design-contracts.json:122: trailing whitespace.
+      "responsibility": "Pure due-edge, freshness, independence, completeness and temporal decisions.",
.ai/workflow-reliability/design-contracts.json:123: trailing whitespace.
+      "collaborators": ["workflow.py", "validated workflow_state inputs"],
.ai/workflow-reliability/design-contracts.json:124: trailing whitespace.
+      "principle": "One forward graph, derived reverse/status views; no I/O."
.ai/workflow-reliability/design-contracts.json:125: trailing whitespace.
+    },
.ai/workflow-reliability/design-contracts.json:126: trailing whitespace.
+    {
.ai/workflow-reliability/design-contracts.json:127: trailing whitespace.
+      "component": "scripts\\workflow_state.py",
.ai/workflow-reliability/design-contracts.json:128: trailing whitespace.
+      "kind": "new; guard-specific state only",
.ai/workflow-reliability/design-contracts.json:129: trailing whitespace.
+      "acs": ["AC03", "AC04", "AC05", "AC07", "AC08"],
.ai/workflow-reliability/design-contracts.json:130: trailing whitespace.
+      "sources": ["S5", "S6", "S8"],
.ai/workflow-reliability/design-contracts.json:131: trailing whitespace.
+      "signatures": [
.ai/workflow-reliability/design-contracts.json:132: trailing whitespace.
+        "load_workspace(root: Path, slug: str) -> tuple[WorkflowContract, CurrentDesign, Ledger]",
.ai/workflow-reliability/design-contracts.json:133: trailing whitespace.
+        "bind_inputs(root: Path, contract: WorkflowContract, target: Target) -> GuardSnapshot",
.ai/workflow-reliability/design-contracts.json:134: trailing whitespace.
+        "append_event(workspace: Path, event: Event, expected_seq: int) -> Event"
.ai/workflow-reliability/design-contracts.json:135: trailing whitespace.
+      ],
.ai/workflow-reliability/design-contracts.json:136: trailing whitespace.
+      "responsibility": "Validate guard records, bind contracts and append under an already-held lock using evidence.py. Lifecycle observations are persisted as ledger events, not a second writable process tracker.",
.ai/workflow-reliability/design-contracts.json:137: trailing whitespace.
+      "collaborators": ["evidence.py", "workflow.py"],
.ai/workflow-reliability/design-contracts.json:138: trailing whitespace.
+      "principle": "Guard policy consumes independent persistence primitives."
.ai/workflow-reliability/design-contracts.json:139: trailing whitespace.
+    },
.ai/workflow-reliability/design-contracts.json:140: trailing whitespace.
+    {
.ai/workflow-reliability/design-contracts.json:141: trailing whitespace.
+      "component": "scripts\\workflow.py",
.ai/workflow-reliability/design-contracts.json:142: trailing whitespace.
+      "kind": "new",
.ai/workflow-reliability/design-contracts.json:143: trailing whitespace.
+      "acs": ["AC03", "AC04", "AC05", "AC07", "AC08", "AC09"],
.ai/workflow-reliability/design-contracts.json:144: trailing whitespace.
+      "sources": ["S3", "S6", "S7", "S13"],
.ai/workflow-reliability/design-contracts.json:145: trailing whitespace.
+      "signatures": ["main(argv: list[str] | None = None) -> int"],
.ai/workflow-reliability/design-contracts.json:146: trailing whitespace.
+      "responsibility": "Visible load/lock/evaluate/admit/run/record flow; status, next, record, close, adopt and recover.",
.ai/workflow-reliability/design-contracts.json:147: trailing whitespace.
+      "collaborators": ["workflow_gate.evaluate", "workflow_state", "run_capture lifecycle callback"],
.ai/workflow-reliability/design-contracts.json:148: trailing whitespace.
+      "principle": "Small local command boundary; real host delegation remains the parent's job."
.ai/workflow-reliability/design-contracts.json:149: trailing whitespace.
+    },
.ai/workflow-reliability/design-contracts.json:150: trailing whitespace.
+    {
.ai/workflow-reliability/design-contracts.json:151: trailing whitespace.
+      "component": "Canonical references and native evaluations",
.ai/workflow-reliability/design-contracts.json:152: trailing whitespace.
+      "kind": "changed docs; proposed native tests",
.ai/workflow-reliability/design-contracts.json:153: trailing whitespace.
+      "acs": ["AC04", "AC05", "AC06", "AC07", "AC08", "AC09"],
.ai/workflow-reliability/design-contracts.json:154: trailing whitespace.
+      "sources": ["S6", "S7", "S8", "S9", "S10", "S13"],
.ai/workflow-reliability/design-contracts.json:155: trailing whitespace.
+      "signatures": ["runTestQuality(task, projectAbs, armDirAbs) retains its existing signature; no other production API"],
.ai/workflow-reliability/design-contracts.json:156: trailing whitespace.
+      "responsibility": "Wire current-design, guarded check/handoff, research correction and truthful status at their actual reference consumers. Add deterministic public-CLI tests separately from parent-host experiments.",
.ai/workflow-reliability/design-contracts.json:157: trailing whitespace.
+      "collaborators": ["SKILL.md", "references", "existing node:test", "new stdlib unittest tests"],
.ai/workflow-reliability/design-contracts.json:158: trailing whitespace.
+      "principle": "Canonical triggers, no new evaluation framework or copied status authority."
.ai/workflow-reliability/design-contracts.json:159: trailing whitespace.
+    }
.ai/workflow-reliability/design-contracts.json:160: trailing whitespace.
+  ],
.ai/workflow-reliability/design-contracts.json:161: trailing whitespace.
+  "cli": {
.ai/workflow-reliability/design-contracts.json:162: trailing whitespace.
+    "mutation": {
.ai/workflow-reliability/design-contracts.json:163: trailing whitespace.
+      "preserve": "--slug --base --repo --test-cmd --max-mutants --timeout",
.ai/workflow-reliability/design-contracts.json:164: trailing whitespace.
+      "add": "--test-cwd PATH; --run-id ID; remainder -- COMMAND ARG... mutually exclusive with --test-cmd",
.ai/workflow-reliability/design-contracts.json:165: trailing whitespace.
+      "selection": "Preserve original --repo directory as default test cwd before normalizing Git root. Explicit --test-cwd is resolved separately. Explicit argv wins; otherwise existing manifest priority in test cwd, then sorted native *.test.js/*.test.mjs/*.test.cjs in cwd/test/tests without entering nested packages. No root package does not imply no tests. No implicit recursive selection of this repository's benchmark fixture arms: use the documented eval file list explicitly.",
.ai/workflow-reliability/design-contracts.json:166: trailing whitespace.
+      "execution": "Direct node --test receives the absolute native reporter module URI, explicit test-file argv, and env minus NODE_TEST_CONTEXT. Reject conflicting reporter configuration rather than guess. Node 22+ for new native path; nested team-planner retains Node 24 requirement. npm/custom commands still run unchanged but are unavailable/unclassified unless using an explicitly supported native result route; do not parse arbitrary script internals.",
.ai/workflow-reliability/design-contracts.json:167: trailing whitespace.
+      "spaces": "New remainder argv preserves each argument. Legacy --test-cmd accepts simple whitespace-separated commands only; ambiguous quoting/escaping fails with exit 2 and guidance to use argv. Never shell=True.",
.ai/workflow-reliability/design-contracts.json:168: trailing whitespace.
+      "example": "python scripts\\mutate.py --slug esm-check --base BASE --test-cwd \"packages\\space name\" -- node --test \"test\\math case.test.mjs\"",
.ai/workflow-reliability/design-contracts.json:169: trailing whitespace.
+      "safety": "Refuse dirty mutation inputs including untracked source; disregard only exact invocation-owned output paths, never all .ai contracts. Exclusive measurement lock; original byte backup and finally restoration with full source-hash check. Detected intervening edit is recovery-required, not overwritten. Scratch is uniquely owned and cleanup touches only that owned path; no product-wide location restriction.",
.ai/workflow-reliability/design-contracts.json:170: trailing whitespace.
+      "exit": "0 complete classified measurement; 2 incomplete/unavailable/invalid invocation. Any ungraded candidate makes complete=false. Score threshold belongs to probe; timeout is never a kill."
.ai/workflow-reliability/design-contracts.json:171: trailing whitespace.
+    },
.ai/workflow-reliability/design-contracts.json:172: trailing whitespace.
+    "probe": {
.ai/workflow-reliability/design-contracts.json:173: trailing whitespace.
+      "add": "--test-cwd and remainder argv forwarded to mutation; optional --require-metric NAME adds a required measurement to defaults, never removes one. No --measurements or receipt/exemption input.",
.ai/workflow-reliability/design-contracts.json:174: trailing whitespace.
+      "policy": "Resolve the built-in MetricPolicy and observed repo numeric bars, record its hash and origins; no guard artifact needed. Required unsupported measurements produce incomplete/fail immediately, not a request to bootstrap a ledger. No runtime flag weakens defaults or thresholds.",
.ai/workflow-reliability/design-contracts.json:175: trailing whitespace.
+      "compatibility": "schema_version=2; retain metrics, unavailable, worst_status, verdict. verdict remains pass|fail; incomplete is fail for old readers too. Existing v1/latest files are historical only. --skip-mutation/UI skip does not waive required proof.",
.ai/workflow-reliability/design-contracts.json:176: trailing whitespace.
+      "exit": "0 complete and no measured failure; 1 measured failure or incomplete required proof; 2 invalid invocation/policy or unable to start.",
.ai/workflow-reliability/design-contracts.json:177: trailing whitespace.
+      "freshness": "Allocate unique run ID/directory before collection; all outputs atomic. Consume only this run's mutation path and successful result, matching source/command/policy hashes. Never use mutation.json as fallback. Latest aliases are display compatibility only."
.ai/workflow-reliability/design-contracts.json:178: trailing whitespace.
+    },
.ai/workflow-reliability/design-contracts.json:179: trailing whitespace.
+    "workflow": {
.ai/workflow-reliability/design-contracts.json:180: trailing whitespace.
+      "common": "python scripts\\workflow.py VERB --slug SLUG [--repo ROOT]; validate slug [a-z0-9]+(-[a-z0-9]+)*.",
.ai/workflow-reliability/design-contracts.json:181: trailing whitespace.
+      "status": "Optional --target KIND:ID; derive Readiness from disk without writing proof.",
.ai/workflow-reliability/design-contracts.json:182: trailing whitespace.
+      "next": "Required --action ID; registered argv/cwd only, no command overrides. Under exclusive lock re-evaluate and append admission plus launch-intent before run_capture. Blocked means runner is never called. Null-command handoff action records awaiting-response and spawned=false, releases lock, and returns an artifact brief; it does not create an agent.",
.ai/workflow-reliability/design-contracts.json:183: trailing whitespace.
+      "record": "Required --receipt PATH; validate the unchanged returned attributed proof against its matching admitted check, current relevant bindings and artifact hashes. Recorder does not become producer. Unadmitted old results do not establish guarded readiness.",
.ai/workflow-reliability/design-contracts.json:184: trailing whitespace.
+      "close": "--increment ID --commit SHA, or --ship. Validate declared requires edges, all member actions executed, mandatory independent verification/review and quality proof, and commit/source match before appending closed. No child on close. Ship covers every increment and AC.",
.ai/workflow-reliability/design-contracts.json:185: trailing whitespace.
+      "adopt": "--revision ID --review PATH. Validate preserved CurrentDesign revision, candidate workflow/components and independently attributed DesignReview. Adoption is a present-time design decision only; no old execution proof is imported. Unconfirmed human approval requires existing explicit unattended authorization and remains disclosed.",
.ai/workflow-reliability/design-contracts.json:186: trailing whitespace.
+      "recover": "--run ID --lock-token TOKEN --evidence PATH. Evaluate RecoveryEvidence using the recovery rules below. Unknown spawn/descendant state never permits unlock or another child. A valid recovery records interruption, not success, and requires later checks; never auto-replay.",
.ai/workflow-reliability/design-contracts.json:187: trailing whitespace.
+      "exit": "0 accepted/ready/successful child; 1 proof/policy block; 2 malformed input/schema/path/unknown ID; 3 lock/sequence/uncertain recovery. next preserves actual child code including 124/125/127, with a distinct structured outcome and spawned state. child_exit=0 with invalid check proof yields wrapper 1. Code collision never erases outcome."
.ai/workflow-reliability/design-contracts.json:188: trailing whitespace.
+    }
.ai/workflow-reliability/design-contracts.json:189: trailing whitespace.
+  },
.ai/workflow-reliability/design-contracts.json:190: trailing whitespace.
+  "records": {
.ai/workflow-reliability/design-contracts.json:191: trailing whitespace.
+    "FileScope": {
.ai/workflow-reliability/design-contracts.json:192: trailing whitespace.
+      "fields": {
.ai/workflow-reliability/design-contracts.json:193: trailing whitespace.
+        "files": "list[repo-relative Path]",
.ai/workflow-reliability/design-contracts.json:194: trailing whitespace.
+        "directories": "list[repo-relative Path], deterministic recursive membership",
.ai/workflow-reliability/design-contracts.json:195: trailing whitespace.
+        "excluded_outputs": "list[{path,reason}], only generated/owned output exclusions"
.ai/workflow-reliability/design-contracts.json:196: trailing whitespace.
+      },
.ai/workflow-reliability/design-contracts.json:197: trailing whitespace.
+      "rules": "Include source, tests, config/manifests, command scripts and new/deleted relevant paths. Changes outside this scope are not observed. Reviewer owns completeness of scope selection."
.ai/workflow-reliability/design-contracts.json:198: trailing whitespace.
+    },
.ai/workflow-reliability/design-contracts.json:199: trailing whitespace.
+    "SourceSnapshot": {
.ai/workflow-reliability/design-contracts.json:200: trailing whitespace.
+      "fields": {
.ai/workflow-reliability/design-contracts.json:201: trailing whitespace.
+        "binding_mode": "standalone-source",
.ai/workflow-reliability/design-contracts.json:202: trailing whitespace.
+        "base": "full resolved comparison SHA|null",
.ai/workflow-reliability/design-contracts.json:203: trailing whitespace.
+        "head": "full SHA|null; provenance, not freshness by itself",
.ai/workflow-reliability/design-contracts.json:204: trailing whitespace.
+        "scope": "FileScope",
.ai/workflow-reliability/design-contracts.json:205: trailing whitespace.
+        "files": "sorted map[Path -> {sha256:hex|null,mode:file|executable|missing}]",
.ai/workflow-reliability/design-contracts.json:206: trailing whitespace.
+        "scope_sha256": "hash of names/existence/modes/byte hashes"
.ai/workflow-reliability/design-contracts.json:207: trailing whitespace.
+      },
.ai/workflow-reliability/design-contracts.json:208: trailing whitespace.
+      "rules": "No workflow fields or empty-contract placeholders. Hash bytes plus membership. Exclude own generated report/ledger/log outputs, not all .ai documents. Validate path traversal and symlink/reparse escapes for inputs the tool reads; this is not child-write confinement."
.ai/workflow-reliability/design-contracts.json:209: trailing whitespace.
+    },
.ai/workflow-reliability/design-contracts.json:210: trailing whitespace.
+    "ContractBinding": {
.ai/workflow-reliability/design-contracts.json:211: trailing whitespace.
+      "fields": {
.ai/workflow-reliability/design-contracts.json:212: trailing whitespace.
+        "binding_mode": "guarded",
.ai/workflow-reliability/design-contracts.json:213: trailing whitespace.
+        "adopted_contract_sha256": "global hash for provenance",
.ai/workflow-reliability/design-contracts.json:214: trailing whitespace.
+        "components": "map[component ID -> normative hash]",
.ai/workflow-reliability/design-contracts.json:215: trailing whitespace.
+        "actions": "map[action ID -> canonical hash]",
.ai/workflow-reliability/design-contracts.json:216: trailing whitespace.
+        "checks": "map[check ID -> canonical hash]",
.ai/workflow-reliability/design-contracts.json:217: trailing whitespace.
+        "claims": "map[claim ID -> active binding hash]"
.ai/workflow-reliability/design-contracts.json:218: trailing whitespace.
+      },
.ai/workflow-reliability/design-contracts.json:219: trailing whitespace.
+      "rules": "Required only on guarded proof; missing means unbound, never implied empty success. Compare relevant hashes for freshness; unrelated contract edits preserve unaffected proof after accepted adoption. Record hashes use sorted-key UTF-8 JSON."
.ai/workflow-reliability/design-contracts.json:220: trailing whitespace.
+    },
.ai/workflow-reliability/design-contracts.json:221: trailing whitespace.
+    "GuardSnapshot": {
.ai/workflow-reliability/design-contracts.json:222: trailing whitespace.
+      "fields": {"source": "SourceSnapshot", "contract": "ContractBinding"},
.ai/workflow-reliability/design-contracts.json:223: trailing whitespace.
+      "rules": "Combines independent source measurement with explicitly adopted current contracts."
.ai/workflow-reliability/design-contracts.json:224: trailing whitespace.
+    },
.ai/workflow-reliability/design-contracts.json:225: trailing whitespace.
+    "Command": {
.ai/workflow-reliability/design-contracts.json:226: trailing whitespace.
+      "fields": {
.ai/workflow-reliability/design-contracts.json:227: trailing whitespace.
+        "argv": "nonempty list[str]",
.ai/workflow-reliability/design-contracts.json:228: trailing whitespace.
+        "cwd": "repo-relative directory",
.ai/workflow-reliability/design-contracts.json:229: trailing whitespace.
+        "runtime": "{executable,observed_version}",
.ai/workflow-reliability/design-contracts.json:230: trailing whitespace.
+        "idle_seconds": "positive finite number",
.ai/workflow-reliability/design-contracts.json:231: trailing whitespace.
+        "max_seconds": "positive finite number",
.ai/workflow-reliability/design-contracts.json:232: trailing whitespace.
+        "environment": "map[name -> nonsecret string|null]; null removes variable"
.ai/workflow-reliability/design-contracts.json:233: trailing whitespace.
+      },
.ai/workflow-reliability/design-contracts.json:234: trailing whitespace.
+      "rules": "Single authoritative runnable definition. Replay is derived from it and linked prerequisites, not separately editable. No unresolved globs in native argv; no reentrant same-workspace guard command. Foreground commands only; no promise to manage daemonized descendants."
.ai/workflow-reliability/design-contracts.json:235: trailing whitespace.
+    },
.ai/workflow-reliability/design-contracts.json:236: trailing whitespace.
+    "TestRun": {
.ai/workflow-reliability/design-contracts.json:237: trailing whitespace.
+      "fields": {"command": "Command", "runner": "node-native|process", "test_files": "list[Path]", "assertions": "list[AssertionTarget]"},
.ai/workflow-reliability/design-contracts.json:238: trailing whitespace.
+      "rules": "Select test cwd independently from Git root. Changed targets outside the measured scope remain unmeasured, never silently covered."
.ai/workflow-reliability/design-contracts.json:239: trailing whitespace.
+    },
.ai/workflow-reliability/design-contracts.json:240: trailing whitespace.
+    "AssertionTarget": {
.ai/workflow-reliability/design-contracts.json:241: trailing whitespace.
+      "fields": {
.ai/workflow-reliability/design-contracts.json:242: trailing whitespace.
+        "id": "stable scenario-local ID",
.ai/workflow-reliability/design-contracts.json:243: trailing whitespace.
+        "test_file": "Path",
.ai/workflow-reliability/design-contracts.json:244: trailing whitespace.
+        "test_name": "full nested name",
.ai/workflow-reliability/design-contracts.json:245: trailing whitespace.
+        "source_sha256": "test source hash",
.ai/workflow-reliability/design-contracts.json:246: trailing whitespace.
+        "assertion_lines": "nonempty list[positive integer]",
.ai/workflow-reliability/design-contracts.json:247: trailing whitespace.
+        "purpose": "AC/scenario property",
.ai/workflow-reliability/design-contracts.json:248: trailing whitespace.
+        "expected_red": "{operator,expected_relation,actual_relation}; described data predicate, not executable expression"
.ai/workflow-reliability/design-contracts.json:249: trailing whitespace.
+      },
.ai/workflow-reliability/design-contracts.json:250: trailing whitespace.
+      "rules": "Required red uses an actual matching non-skipped native AssertionError/ERR_ASSERTION cause, stack reaching a declared assertion line and matching expected/actual symptom. Independent consumer inspects relevance. Stdout phrases, test count or nonzero exit alone are insufficient."
.ai/workflow-reliability/design-contracts.json:251: trailing whitespace.
+    },
.ai/workflow-reliability/design-contracts.json:252: trailing whitespace.
+    "NativeResult": {
.ai/workflow-reliability/design-contracts.json:253: trailing whitespace.
+      "fields": {
.ai/workflow-reliability/design-contracts.json:254: trailing whitespace.
+        "schema_version": "1",
.ai/workflow-reliability/design-contracts.json:255: trailing whitespace.
+        "complete": "boolean; normal reporter stream end",
.ai/workflow-reliability/design-contracts.json:256: trailing whitespace.
+        "tests": "list[{file,line,name,nesting,outcome:pass|assertion-fail|setup-error|cancelled|skipped|todo,error?:{name,code,cause_code,message,assertion_stack,operator,expected,actual}}]",
.ai/workflow-reliability/design-contracts.json:257: trailing whitespace.
+        "leaf_count": "nonnegative integer; excludes suites/file pseudo-tests",
.ai/workflow-reliability/design-contracts.json:258: trailing whitespace.
+        "logs": "list[{stream,text}]; quoted data only"
.ai/workflow-reliability/design-contracts.json:259: trailing whitespace.
+      },
.ai/workflow-reliability/design-contracts.json:260: trailing whitespace.
+      "rules": "Serialize Error properties explicitly. Classify timeout/launch error before syntax/setup/incomplete before relevant assertion before positive green. Mixed setup/assertion is ungraded. Baseline needs rc=0, positive complete actual tests and no skipped/cancelled required targets. Killed mutant requires nonzero exit plus genuine assertion failure in baseline inventory without higher-priority error. Containers do not create extra kills; unknown shapes fail closed."
.ai/workflow-reliability/design-contracts.json:261: trailing whitespace.
+    },
.ai/workflow-reliability/design-contracts.json:262: trailing whitespace.
+    "MetricPolicy": {
.ai/workflow-reliability/design-contracts.json:263: trailing whitespace.
+      "fields": {
.ai/workflow-reliability/design-contracts.json:264: trailing whitespace.
+        "schema_version": "1",
.ai/workflow-reliability/design-contracts.json:265: trailing whitespace.
+        "required": "list[metric name]",
.ai/workflow-reliability/design-contracts.json:266: trailing whitespace.
+        "rules": "map[name -> {mode:compare|floor|coverage,threshold:number|null,origin:built-in|repo-source,origin_ref:string}]",
.ai/workflow-reliability/design-contracts.json:267: trailing whitespace.
+        "sha256": "canonical hash of required/rules"
.ai/workflow-reliability/design-contracts.json:268: trailing whitespace.
+      },
.ai/workflow-reliability/design-contracts.json:269: trailing whitespace.
+      "rules": "Code-change defaults require duplication_pct, complexity_max, complexity_avg, cycles, dead_exports, static_findings, mutation_score_pct, diff_coverage_pct and architecture_rules. Unknown applicability does not remove proof. Missing collectors/coverage bar are reported explicitly, not fabricated. Preserve current compare tolerances and mutation 60%; separate eval 0.9/null normalization unchanged. Only documented tightening: known-greenfield cycles fail above zero, consistent with no-new-cycle rule. A known successful <3-source-file baseline may use existing other greenfield limits; failed inventory is unknown. No exemption/import acceptance path in this change."
.ai/workflow-reliability/design-contracts.json:270: trailing whitespace.
+    },
.ai/workflow-reliability/design-contracts.json:271: trailing whitespace.
+    "Measurement": {
.ai/workflow-reliability/design-contracts.json:272: trailing whitespace.
+      "fields": {
.ai/workflow-reliability/design-contracts.json:273: trailing whitespace.
+        "name": "metric ID",
.ai/workflow-reliability/design-contracts.json:274: trailing whitespace.
+        "state": "measured|unavailable",
.ai/workflow-reliability/design-contracts.json:275: trailing whitespace.
+        "base": "number|null",
.ai/workflow-reliability/design-contracts.json:276: trailing whitespace.
+        "head": "number|null",
.ai/workflow-reliability/design-contracts.json:277: trailing whitespace.
+        "comparison": "ok|warn|fail|unavailable",
.ai/workflow-reliability/design-contracts.json:278: trailing whitespace.
+        "reason": "string",
.ai/workflow-reliability/design-contracts.json:279: trailing whitespace.
+        "run_id": "this invocation ID",
.ai/workflow-reliability/design-contracts.json:280: trailing whitespace.
+        "source": "SourceSnapshot",
.ai/workflow-reliability/design-contracts.json:281: trailing whitespace.
+        "command": "Command|null if collector unavailable",
.ai/workflow-reliability/design-contracts.json:282: trailing whitespace.
+        "artifacts": "list[{path,sha256,bytes}]",
.ai/workflow-reliability/design-contracts.json:283: trailing whitespace.
+        "scope_support": "measured languages/paths and unsupported remainder"
.ai/workflow-reliability/design-contracts.json:284: trailing whitespace.
+      },
.ai/workflow-reliability/design-contracts.json:285: trailing whitespace.
+      "rules": "Missing brownfield baseline is unavailable comparison. Empty/failed/malformed/partially unsupported analyzer output is not measured zero. External mutation text-score scraping alone cannot establish complete classified proof. Report partial observation and incomplete status; no analyzer installation or invented metric."
.ai/workflow-reliability/design-contracts.json:286: trailing whitespace.
+    },
.ai/workflow-reliability/design-contracts.json:287: trailing whitespace.
+    "MetricVerdict": {
.ai/workflow-reliability/design-contracts.json:288: trailing whitespace.
+      "fields": {
.ai/workflow-reliability/design-contracts.json:289: trailing whitespace.
+        "schema_version": "2",
.ai/workflow-reliability/design-contracts.json:290: trailing whitespace.
+        "run_id": "unique ID",
.ai/workflow-reliability/design-contracts.json:291: trailing whitespace.
+        "source": "SourceSnapshot",
.ai/workflow-reliability/design-contracts.json:292: trailing whitespace.
+        "baseline": "compared|greenfield|unknown",
.ai/workflow-reliability/design-contracts.json:293: trailing whitespace.
+        "measurement_status": "ok|warn|fail|unavailable",
.ai/workflow-reliability/design-contracts.json:294: trailing whitespace.
+        "completeness": "complete|incomplete",
.ai/workflow-reliability/design-contracts.json:295: trailing whitespace.
+        "missing_required": "list[{metric,reason,owner,command_ref:string|null,prerequisite:string}]",
.ai/workflow-reliability/design-contracts.json:296: trailing whitespace.
+        "verdict": "pass|fail",
.ai/workflow-reliability/design-contracts.json:297: trailing whitespace.
+        "metrics": "map[name -> Measurement with retained legacy numeric keys]",
.ai/workflow-reliability/design-contracts.json:298: trailing whitespace.
+        "unavailable": "list[name]",
.ai/workflow-reliability/design-contracts.json:299: trailing whitespace.
+        "worst_status": "measured-only compatibility summary",
.ai/workflow-reliability/design-contracts.json:300: trailing whitespace.
+        "policy": "MetricPolicy",
.ai/workflow-reliability/design-contracts.json:301: trailing whitespace.
+        "generated": "UTC timestamp"
.ai/workflow-reliability/design-contracts.json:302: trailing whitespace.
+      },
.ai/workflow-reliability/design-contracts.json:303: trailing whitespace.
+      "rules": "Measurement summary considers observed assessed numbers only; no assessed observations => unavailable. Completeness separately checks all required proof. pass requires complete plus no measured failure. I1 can emit incomplete/fail without any review/ledger. Missing-proof owner defaults to operator in standalone mode; guard derives the assigned owner. When no finishing executable exists, name the missing collector/configuration prerequisite rather than invent a runnable command."
.ai/workflow-reliability/design-contracts.json:304: trailing whitespace.
+    },
.ai/workflow-reliability/design-contracts.json:305: trailing whitespace.
+    "MutationReport": {
.ai/workflow-reliability/design-contracts.json:306: trailing whitespace.
+      "fields": {
.ai/workflow-reliability/design-contracts.json:307: trailing whitespace.
+        "schema_version": "2",
.ai/workflow-reliability/design-contracts.json:308: trailing whitespace.
+        "run_id": "unique invocation ID",
.ai/workflow-reliability/design-contracts.json:309: trailing whitespace.
+        "source": "SourceSnapshot before mutation",
.ai/workflow-reliability/design-contracts.json:310: trailing whitespace.
+        "test_run": "TestRun|null before successful selection",
.ai/workflow-reliability/design-contracts.json:311: trailing whitespace.
+        "baseline": "NativeResult|null",
.ai/workflow-reliability/design-contracts.json:312: trailing whitespace.
+        "results": "list[{file,line,operator,before_sha256,after_sha256,outcome:killed-assertion|survived|invalid-syntax|setup-error|timeout|unclassified,artifacts}]",
.ai/workflow-reliability/design-contracts.json:313: trailing whitespace.
+        "score_pct": "number|null",
.ai/workflow-reliability/design-contracts.json:314: trailing whitespace.
+        "complete": "boolean",
.ai/workflow-reliability/design-contracts.json:315: trailing whitespace.
+        "reason": "string",
.ai/workflow-reliability/design-contracts.json:316: trailing whitespace.
+        "restored_sha256": "hash|null",
.ai/workflow-reliability/design-contracts.json:317: trailing whitespace.
+        "generated": "UTC timestamp",
.ai/workflow-reliability/design-contracts.json:318: trailing whitespace.
+        "killed": "integer",
.ai/workflow-reliability/design-contracts.json:319: trailing whitespace.
+        "survived": "integer",
.ai/workflow-reliability/design-contracts.json:320: trailing whitespace.
+        "total": "integer",
.ai/workflow-reliability/design-contracts.json:321: trailing whitespace.
+        "ungraded": "integer"
.ai/workflow-reliability/design-contracts.json:322: trailing whitespace.
+      },
.ai/workflow-reliability/design-contracts.json:323: trailing whitespace.
+      "rules": "score_pct=100*killed/(killed+survived); zero graded => null; any ungraded candidate => incomplete. No mutable lines is null/reason, not 100% or implicit exemption. Write evidence\\runs\\ID\\mutation.json first, atomically; optional latest alias is display only. Source restoration, return code, unique run and exact test command must match before probe accepts it."
.ai/workflow-reliability/design-contracts.json:324: trailing whitespace.
+    },
.ai/workflow-reliability/design-contracts.json:325: trailing whitespace.
+    "WorkflowContract": {
.ai/workflow-reliability/design-contracts.json:326: trailing whitespace.
+      "fields": {
.ai/workflow-reliability/design-contracts.json:327: trailing whitespace.
+        "schema_version": "1",
.ai/workflow-reliability/design-contracts.json:328: trailing whitespace.
+        "slug": "validated slug",
.ai/workflow-reliability/design-contracts.json:329: trailing whitespace.
+        "design_revision": "CurrentDesign ID",
.ai/workflow-reliability/design-contracts.json:330: trailing whitespace.
+        "increments": "map[ID -> Increment]",
.ai/workflow-reliability/design-contracts.json:331: trailing whitespace.
+        "actions": "map[ID -> Action]",
.ai/workflow-reliability/design-contracts.json:332: trailing whitespace.
+        "checks": "map[ID -> Check]",
.ai/workflow-reliability/design-contracts.json:333: trailing whitespace.
+        "claims": "map[ID -> ResearchBinding]",
.ai/workflow-reliability/design-contracts.json:334: trailing whitespace.
+        "revision_reason": "string"
.ai/workflow-reliability/design-contracts.json:335: trailing whitespace.
+      },
.ai/workflow-reliability/design-contracts.json:336: trailing whitespace.
+      "rules": "workflow.json owns executable definitions. Only requires lists own edges. Validate typed IDs, cycles, unique Check.action_id, and membership. Every closure must require independent verification, independent review and metrics checks plus scenario proof; absent mandatory checks is malformed, not ready. Plans/state/traceability link definitions and derived results. No duplicate command or gating indexes."
.ai/workflow-reliability/design-contracts.json:337: trailing whitespace.
+    },
.ai/workflow-reliability/design-contracts.json:338: trailing whitespace.
+    "Target": {
.ai/workflow-reliability/design-contracts.json:339: trailing whitespace.
+      "fields": {"kind": "action|check|increment|ship", "id": "stable ID; literal ship for final target"},
.ai/workflow-reliability/design-contracts.json:340: trailing whitespace.
+      "rules": "Check target resolves its action for execution; ship is derived union of all increment closures. No custom target kinds or transition language."
.ai/workflow-reliability/design-contracts.json:341: trailing whitespace.
+    },
.ai/workflow-reliability/design-contracts.json:342: trailing whitespace.
+    "Increment": {
.ai/workflow-reliability/design-contracts.json:343: trailing whitespace.
+      "fields": {
.ai/workflow-reliability/design-contracts.json:344: trailing whitespace.
+        "id": "stable increment ID",
.ai/workflow-reliability/design-contracts.json:345: trailing whitespace.
+        "acs": "nonempty list[AC ID]",
.ai/workflow-reliability/design-contracts.json:346: trailing whitespace.
+        "components": "nonempty list[component ID]",
.ai/workflow-reliability/design-contracts.json:347: trailing whitespace.
+        "requires": "list[Target of kind increment or check]",
.ai/workflow-reliability/design-contracts.json:348: trailing whitespace.
+        "implementers": "list[Producer]"
.ai/workflow-reliability/design-contracts.json:349: trailing whitespace.
+      },
.ai/workflow-reliability/design-contracts.json:350: trailing whitespace.
+      "rules": "Increment requires defines closure proof and prerequisite increments, not action admission checks. Every member action must have completed execution before closure; members derive from Action.increment. An action inherits only prerequisite-increment closure edges, not its own increment's final review/metrics checks. A prior regression check required again is another forward edge here, not a separate regression list. Completion commit lives only in the closed event."
.ai/workflow-reliability/design-contracts.json:351: trailing whitespace.
+    },
.ai/workflow-reliability/design-contracts.json:352: trailing whitespace.
+    "Action": {
.ai/workflow-reliability/design-contracts.json:353: trailing whitespace.
+      "fields": {
.ai/workflow-reliability/design-contracts.json:354: trailing whitespace.
+        "id": "stable action/task ID",
.ai/workflow-reliability/design-contracts.json:355: trailing whitespace.
+        "increment": "increment ID",
.ai/workflow-reliability/design-contracts.json:356: trailing whitespace.
+        "kind": "work|check|retire",
.ai/workflow-reliability/design-contracts.json:357: trailing whitespace.
+        "requires": "list[Target of kind action or check]",
.ai/workflow-reliability/design-contracts.json:358: trailing whitespace.
+        "command": "Command|null for explicit external/human check handoff",
.ai/workflow-reliability/design-contracts.json:359: trailing whitespace.
+        "owner": "Producer",
.ai/workflow-reliability/design-contracts.json:360: trailing whitespace.
+        "inputs": "FileScope",
.ai/workflow-reliability/design-contracts.json:361: trailing whitespace.
+        "components": "list[component ID]",
.ai/workflow-reliability/design-contracts.json:362: trailing whitespace.
+        "claims": "list[claim ID]",
.ai/workflow-reliability/design-contracts.json:363: trailing whitespace.
+        "declared_changes": "list[Path]; review guidance only",
.ai/workflow-reliability/design-contracts.json:364: trailing whitespace.
+        "retirement": "{legacy_scope:FileScope,expected_legacy_presence:list[Path]}|null"
.ai/workflow-reliability/design-contracts.json:365: trailing whitespace.
+      },
.ai/workflow-reliability/design-contracts.json:366: trailing whitespace.
+      "rules": "Action requires alone defines checks needed before this child/handoff. Work completion is execution, not correctness. Check actions cannot depend on their own result. Retire requires at least one Check with kind=compatibility and validity=before-action; derive those checks from requires. Old-path presence is observable scope, not another proof-edge list. No arbitrary command override."
.ai/workflow-reliability/design-contracts.json:367: trailing whitespace.
+    },
.ai/workflow-reliability/design-contracts.json:368: trailing whitespace.
+    "Check": {
.ai/workflow-reliability/design-contracts.json:369: trailing whitespace.
+      "fields": {
.ai/workflow-reliability/design-contracts.json:370: trailing whitespace.
+        "id": "stable check ID",
.ai/workflow-reliability/design-contracts.json:371: trailing whitespace.
+        "action_id": "unique registered check action ID",
.ai/workflow-reliability/design-contracts.json:372: trailing whitespace.
+        "acs": "nonempty list[AC/scenario]",
.ai/workflow-reliability/design-contracts.json:373: trailing whitespace.
+        "kind": "test|behavioral-red|metrics|verification|review|compatibility|research|human",
.ai/workflow-reliability/design-contracts.json:374: trailing whitespace.
+        "owner_role": "implementer|researcher|verifier|reviewer|human",
.ai/workflow-reliability/design-contracts.json:375: trailing whitespace.
+        "context_rule": "same-allowed|independent",
.ai/workflow-reliability/design-contracts.json:376: trailing whitespace.
+        "validity": "current|before-action",
.ai/workflow-reliability/design-contracts.json:377: trailing whitespace.
+        "assertions": "list[AssertionTarget]",
.ai/workflow-reliability/design-contracts.json:378: trailing whitespace.
+        "pass_condition": "specific observable predicate; not executable prose",
.ai/workflow-reliability/design-contracts.json:379: trailing whitespace.
+        "handoff_steps": "list[string]; only if associated command is null"
.ai/workflow-reliability/design-contracts.json:380: trailing whitespace.
+      },
.ai/workflow-reliability/design-contracts.json:381: trailing whitespace.
+      "rules": "Inputs, prerequisites, command and actual owner come only from action_id; no writable reverse gates. A before-action check must have exactly one consuming work/retire Action.requires edge; derive that action, retain historical consumption at its admission. It may additionally be referenced by closure without becoming current-source proof. Replay resolves the same command/handoff steps; receipts retain execution facts, not a competing live command. Fixed validators consume NativeResult/MetricVerdict/FindingResult; actual relevant red assertions are mandatory."
.ai/workflow-reliability/design-contracts.json:382: trailing whitespace.
+    },
.ai/workflow-reliability/design-contracts.json:383: trailing whitespace.
+    "Producer": {
.ai/workflow-reliability/design-contracts.json:384: trailing whitespace.
+      "fields": {"actor_id": "self-declared string", "context_id": "self-declared fresh-context ID", "role": "implementer|researcher|verifier|reviewer|human", "host": "string", "model": "string|unknown"},
.ai/workflow-reliability/design-contracts.json:385: trailing whitespace.
+      "rules": "Verifier/reviewer contexts differ from all implementers and each other for the increment. Actor account may be shared; identities are not authenticated. Recorder never replaces producer. Human-owned acceptance remains unconfirmed without attributed human evidence."
.ai/workflow-reliability/design-contracts.json:386: trailing whitespace.
+    },
.ai/workflow-reliability/design-contracts.json:387: trailing whitespace.
+    "Receipt": {
.ai/workflow-reliability/design-contracts.json:388: trailing whitespace.
+      "fields": {
.ai/workflow-reliability/design-contracts.json:389: trailing whitespace.
+        "schema_version": "1",
.ai/workflow-reliability/design-contracts.json:390: trailing whitespace.
+        "id": "unique immutable ID",
.ai/workflow-reliability/design-contracts.json:391: trailing whitespace.
+        "check_id": "check ID",
.ai/workflow-reliability/design-contracts.json:392: trailing whitespace.
+        "run_id": "admission ID",
.ai/workflow-reliability/design-contracts.json:393: trailing whitespace.
+        "producer": "Producer",
.ai/workflow-reliability/design-contracts.json:394: trailing whitespace.
+        "recorded_by": "Producer",
.ai/workflow-reliability/design-contracts.json:395: trailing whitespace.
+        "outcome": "pass|fail|blocked|unavailable",
.ai/workflow-reliability/design-contracts.json:396: trailing whitespace.
+        "inputs": "GuardSnapshot",
.ai/workflow-reliability/design-contracts.json:397: trailing whitespace.
+        "prerequisite_receipts": "list[{id,sha256}]",
.ai/workflow-reliability/design-contracts.json:398: trailing whitespace.
+        "result": "NativeResult|MetricVerdict|FindingResult",
.ai/workflow-reliability/design-contracts.json:399: trailing whitespace.
+        "artifacts": "list[{path,sha256,bytes,media_type}]",
.ai/workflow-reliability/design-contracts.json:400: trailing whitespace.
+        "started_at": "UTC timestamp",
.ai/workflow-reliability/design-contracts.json:401: trailing whitespace.
+        "finished_at": "UTC timestamp"
.ai/workflow-reliability/design-contracts.json:402: trailing whitespace.
+      },
.ai/workflow-reliability/design-contracts.json:403: trailing whitespace.
+      "rules": "Acceptance sequence, not timestamp, proves order. Verify immutable artifact content, exact check/action hashes, relevant input hashes and prior receipt hashes. A metrics receipt wraps a matching admitted fresh standalone report; it does not relabel a previous measurement as new. Missing/malformed/stale proof blocks. Keep returned independent findings and parent dispositions separate."
.ai/workflow-reliability/design-contracts.json:404: trailing whitespace.
+    },
.ai/workflow-reliability/design-contracts.json:405: trailing whitespace.
+    "FindingResult": {
.ai/workflow-reliability/design-contracts.json:406: trailing whitespace.
+      "fields": {
.ai/workflow-reliability/design-contracts.json:407: trailing whitespace.
+        "kind": "verification|review|research|human",
.ai/workflow-reliability/design-contracts.json:408: trailing whitespace.
+        "verdict": "VERIFIED|VERIFIED-WITH-LIMITATIONS|NOT-VERIFIED|BLOCKED",
.ai/workflow-reliability/design-contracts.json:409: trailing whitespace.
+        "scenarios": "map[AC/scenario -> {verdict,evidence_refs,reason}]",
.ai/workflow-reliability/design-contracts.json:410: trailing whitespace.
+        "findings": "list[{id,location,observation,blocking,evidence_refs}]",
.ai/workflow-reliability/design-contracts.json:411: trailing whitespace.
+        "source_artifact": "{path,sha256}",
.ai/workflow-reliability/design-contracts.json:412: trailing whitespace.
+        "disposition_refs": "list[{finding_id,path,sha256}]",
.ai/workflow-reliability/design-contracts.json:413: trailing whitespace.
+        "human_confirmation": "confirmed|unconfirmed|not-applicable"
.ai/workflow-reliability/design-contracts.json:414: trailing whitespace.
+      },
.ai/workflow-reliability/design-contracts.json:415: trailing whitespace.
+      "rules": "Retain actual returned text unchanged. Missing required proof, independent roles, temporal order or human acceptance cannot be waived by VERIFIED-WITH-LIMITATIONS."
.ai/workflow-reliability/design-contracts.json:416: trailing whitespace.
+    },
.ai/workflow-reliability/design-contracts.json:417: trailing whitespace.
+    "Ledger": {
.ai/workflow-reliability/design-contracts.json:418: trailing whitespace.
+      "fields": {"schema_version": "1", "slug": "slug", "events": "ordered list[Event]"},
.ai/workflow-reliability/design-contracts.json:419: trailing whitespace.
+      "rules": "evidence\\ledger.json is sole runtime event authority. Immutable receipts/runs live under evidence\\receipts and evidence\\runs. Replace the small local ledger atomically under lock; no distributed persistence."
.ai/workflow-reliability/design-contracts.json:420: trailing whitespace.
+    },
.ai/workflow-reliability/design-contracts.json:421: trailing whitespace.
+    "Event": {
.ai/workflow-reliability/design-contracts.json:422: trailing whitespace.
+      "fields": {
.ai/workflow-reliability/design-contracts.json:423: trailing whitespace.
+        "seq": "monotonic integer assigned under lock",
.ai/workflow-reliability/design-contracts.json:424: trailing whitespace.
+        "kind": "adopted|admitted|launch-intent|process-observed|completed|receipt-accepted|closed|interrupted|recovered",
.ai/workflow-reliability/design-contracts.json:425: trailing whitespace.
+        "target": "Target or design revision ID",
.ai/workflow-reliability/design-contracts.json:426: trailing whitespace.
+        "run_id": "unique ID",
.ai/workflow-reliability/design-contracts.json:427: trailing whitespace.
+        "inputs": "GuardSnapshot",
.ai/workflow-reliability/design-contracts.json:428: trailing whitespace.
+        "receipt_refs": "list[{id,sha256}]",
.ai/workflow-reliability/design-contracts.json:429: trailing whitespace.
+        "producer": "Producer",
.ai/workflow-reliability/design-contracts.json:430: trailing whitespace.
+        "outcome": "ready|awaiting-response|executed|pass|fail|blocked|unavailable|interrupted",
.ai/workflow-reliability/design-contracts.json:431: trailing whitespace.
+        "process": "ProcessObservation|null",
.ai/workflow-reliability/design-contracts.json:432: trailing whitespace.
+        "child_exit": "integer|null",
.ai/workflow-reliability/design-contracts.json:433: trailing whitespace.
+        "spawned": "yes|no|unknown",
.ai/workflow-reliability/design-contracts.json:434: trailing whitespace.
+        "completion_commit": "full SHA|null; only on closed",
.ai/workflow-reliability/design-contracts.json:435: trailing whitespace.
+        "time": "UTC timestamp",
.ai/workflow-reliability/design-contracts.json:436: trailing whitespace.
+        "reason": "string"
.ai/workflow-reliability/design-contracts.json:437: trailing whitespace.
+      },
.ai/workflow-reliability/design-contracts.json:438: trailing whitespace.
+      "rules": "Record admission/launch-intent before Popen. A missing lifecycle record after launch-intent means unknown, not no spawn. Null-command handoff awaits record, not crash recovery. Pre-snapshot on admission and post-snapshot on completion are distinct facts. Status derives unresolved process state from these events."
.ai/workflow-reliability/design-contracts.json:439: trailing whitespace.
+    },
.ai/workflow-reliability/design-contracts.json:440: trailing whitespace.
+    "ProcessObservation": {
.ai/workflow-reliability/design-contracts.json:441: trailing whitespace.
+      "fields": {
.ai/workflow-reliability/design-contracts.json:442: trailing whitespace.
+        "phase": "launch-failed|spawned|direct-exited",
.ai/workflow-reliability/design-contracts.json:443: trailing whitespace.
+        "pid": "integer|null",
.ai/workflow-reliability/design-contracts.json:444: trailing whitespace.
+        "process_group": "integer|null; known new Unix session group, not invented Windows tree handle",
.ai/workflow-reliability/design-contracts.json:445: trailing whitespace.
+        "start_identity": "platform-observed process creation identity|null",
.ai/workflow-reliability/design-contracts.json:446: trailing whitespace.
+        "identity_evidence": "capture reference|null",
.ai/workflow-reliability/design-contracts.json:447: trailing whitespace.
+        "returncode": "integer|null",
.ai/workflow-reliability/design-contracts.json:448: trailing whitespace.
+        "cleanup": "not-attempted|best-effort-attempted|unknown",
.ai/workflow-reliability/design-contracts.json:449: trailing whitespace.
+        "error": "string|null"
.ai/workflow-reliability/design-contracts.json:450: trailing whitespace.
+      },
.ai/workflow-reliability/design-contracts.json:451: trailing whitespace.
+      "rules": "Observer receives actual Popen PID immediately after spawn and after wait, preserving existing tuple return. creation identity is populated only by supported observed platform inspection; absent is explicit null. An in-memory Popen handle is not serializable recovery authority. direct-exited never asserts that every descendant exited. Do not claim the current helper exposes these facts before implementation."
.ai/workflow-reliability/design-contracts.json:452: trailing whitespace.
+    },
.ai/workflow-reliability/design-contracts.json:453: trailing whitespace.
+    "RecoveryEvidence": {
.ai/workflow-reliability/design-contracts.json:454: trailing whitespace.
+      "fields": {
.ai/workflow-reliability/design-contracts.json:455: trailing whitespace.
+        "run_id": "unresolved admission ID",
.ai/workflow-reliability/design-contracts.json:456: trailing whitespace.
+        "lock_token": "exact recorded token",
.ai/workflow-reliability/design-contracts.json:457: trailing whitespace.
+        "producer": "attributed operator/verifier",
.ai/workflow-reliability/design-contracts.json:458: trailing whitespace.
+        "kind": "known-tree-terminated|execution-environment-reset",
.ai/workflow-reliability/design-contracts.json:459: trailing whitespace.
+        "observations": "list[{command:Command,artifact:{path,sha256},observed_at,process_identity_or_environment_identity}]",
.ai/workflow-reliability/design-contracts.json:460: trailing whitespace.
+        "coverage": "which admitted process/tree or complete execution environment was checked",
.ai/workflow-reliability/design-contracts.json:461: trailing whitespace.
+        "unresolved": "list[string]",
.ai/workflow-reliability/design-contracts.json:462: trailing whitespace.
+        "review": "independent attributed FindingResult"
.ai/workflow-reliability/design-contracts.json:463: trailing whitespace.
+      },
.ai/workflow-reliability/design-contracts.json:464: trailing whitespace.
+      "rules": "Not a caller boolean permitting unlock. Match the unresolved run, identities and raw supported platform evidence; require no unresolved lifetime/descendant questions. Unknown-spawn recovery needs substantiated complete execution-environment reset after the launch attempt, not an arbitrary empty PID search. No reset API is provided or assumed."
.ai/workflow-reliability/design-contracts.json:465: trailing whitespace.
+    },
.ai/workflow-reliability/design-contracts.json:466: trailing whitespace.
+    "LockOwner": {
.ai/workflow-reliability/design-contracts.json:467: trailing whitespace.
+      "fields": {"token": "random ID", "guard_pid": "integer", "created_at": "UTC timestamp", "run_id": "ID", "workspace": "canonical local path"},
.ai/workflow-reliability/design-contracts.json:468: trailing whitespace.
+      "rules": "Exclusive O_CREAT|O_EXCL, never check-then-create. Guard death, lock age and token match alone do not prove child termination. Lifecycle ownership stays in ledger, not duplicated here."
.ai/workflow-reliability/design-contracts.json:469: trailing whitespace.
+    },
.ai/workflow-reliability/design-contracts.json:470: trailing whitespace.
+    "CurrentDesign": {
.ai/workflow-reliability/design-contracts.json:471: trailing whitespace.
+      "fields": {
.ai/workflow-reliability/design-contracts.json:472: trailing whitespace.
+        "schema_version": "1",
.ai/workflow-reliability/design-contracts.json:473: trailing whitespace.
+        "revision": "ID",
.ai/workflow-reliability/design-contracts.json:474: trailing whitespace.
+        "document": "{path,sha256}",
.ai/workflow-reliability/design-contracts.json:475: trailing whitespace.
+        "contract": "{path,sha256}",
.ai/workflow-reliability/design-contracts.json:476: trailing whitespace.
+        "components": "map[ID -> normative component hash]",
.ai/workflow-reliability/design-contracts.json:477: trailing whitespace.
+        "supersedes": "revision ID|null",
.ai/workflow-reliability/design-contracts.json:478: trailing whitespace.
+        "review": "DesignReview",
.ai/workflow-reliability/design-contracts.json:479: trailing whitespace.
+        "history": "list[{revision,document,contract}]",
.ai/workflow-reliability/design-contracts.json:480: trailing whitespace.
+        "reason": "string"
.ai/workflow-reliability/design-contracts.json:481: trailing whitespace.
+      },
.ai/workflow-reliability/design-contracts.json:482: trailing whitespace.
+      "rules": "Standalone current-design.json pointer resolves retained design-history\\REV.html and contracts\\REV.json; initial design.html remains historical after revision. Component contracts hold normative interfaces, overview links them. Pointer/history hashes must agree with adoption event. Identical relevant component hashes preserve proof; changed components reopen consumers."
.ai/workflow-reliability/design-contracts.json:483: trailing whitespace.
+    },
.ai/workflow-reliability/design-contracts.json:484: trailing whitespace.
+    "DesignReview": {
.ai/workflow-reliability/design-contracts.json:485: trailing whitespace.
+      "fields": {
.ai/workflow-reliability/design-contracts.json:486: trailing whitespace.
+        "producer": "independent reviewer Producer",
.ai/workflow-reliability/design-contracts.json:487: trailing whitespace.
+        "designer": "Producer",
.ai/workflow-reliability/design-contracts.json:488: trailing whitespace.
+        "candidate_hashes": "{document,components,workflow_contract}",
.ai/workflow-reliability/design-contracts.json:489: trailing whitespace.
+        "verdict": "APPROVE|REVISE|REJECT",
.ai/workflow-reliability/design-contracts.json:490: trailing whitespace.
+        "artifact": "{path,sha256}; unmodified independent design-review report",
.ai/workflow-reliability/design-contracts.json:491: trailing whitespace.
+        "disposition_refs": "list[{finding_id,path,sha256}]",
.ai/workflow-reliability/design-contracts.json:492: trailing whitespace.
+        "human_approval": "confirmed|unconfirmed",
.ai/workflow-reliability/design-contracts.json:493: trailing whitespace.
+        "unattended_authorization": "reference|null"
.ai/workflow-reliability/design-contracts.json:494: trailing whitespace.
+      },
.ai/workflow-reliability/design-contracts.json:495: trailing whitespace.
+      "rules": "Same shape for initial and revised adoption; no BootstrapReview protocol. Require APPROVE with no unresolved blocking finding; preserve the original report and separate parent dispositions. Validates only design acceptance now. No old measurements, checkboxes or retroactive temporal events imported. Not used by standalone measurements."
.ai/workflow-reliability/design-contracts.json:496: trailing whitespace.
+    },
.ai/workflow-reliability/design-contracts.json:497: trailing whitespace.
+    "ResearchBinding": {
.ai/workflow-reliability/design-contracts.json:498: trailing whitespace.
+      "fields": {
.ai/workflow-reliability/design-contracts.json:499: trailing whitespace.
+        "claim_id": "stable ID",
.ai/workflow-reliability/design-contracts.json:500: trailing whitespace.
+        "report": "research.md heading anchor",
.ai/workflow-reliability/design-contracts.json:501: trailing whitespace.
+        "claim_sha256": "named section hash",
.ai/workflow-reliability/design-contracts.json:502: trailing whitespace.
+        "epistemic": "FACT|INFERENCE|HYPOTHESIS|UNKNOWN",
.ai/workflow-reliability/design-contracts.json:503: trailing whitespace.
+        "scope": "paths/queries/filters/exclusions and inspected snapshot",
.ai/workflow-reliability/design-contracts.json:504: trailing whitespace.
+        "source_refs": "list[{path,sha256,lines,snippet_ref}]",
.ai/workflow-reliability/design-contracts.json:505: trailing whitespace.
+        "supersedes": "list[claim ID]",
.ai/workflow-reliability/design-contracts.json:506: trailing whitespace.
+        "correction_owner": "researcher Producer",
.ai/workflow-reliability/design-contracts.json:507: trailing whitespace.
+        "acceptance_owner": "parent/reviewer Producer",
.ai/workflow-reliability/design-contracts.json:508: trailing whitespace.
+        "accepted_receipt": "research receipt ID|null"
.ai/workflow-reliability/design-contracts.json:509: trailing whitespace.
+      },
.ai/workflow-reliability/design-contracts.json:510: trailing whitespace.
+      "rules": "research.md owns prose; this is only a dependency index. Hash claim heading through next same/higher heading. Correction gets new ID and explicit supersedes, preserving old context. Parent accepts bounded recheck. Reopen bound consumers of superseded claims. Distinguish not-found-in-scope, not-inspected, inaccessible and empty baseline; no global absence from a lone search."
.ai/workflow-reliability/design-contracts.json:511: trailing whitespace.
+    },
.ai/workflow-reliability/design-contracts.json:512: trailing whitespace.
+    "Readiness": {
.ai/workflow-reliability/design-contracts.json:513: trailing whitespace.
+      "fields": {
.ai/workflow-reliability/design-contracts.json:514: trailing whitespace.
+        "target": "Target",
.ai/workflow-reliability/design-contracts.json:515: trailing whitespace.
+        "status": "ready|blocked|complete",
.ai/workflow-reliability/design-contracts.json:516: trailing whitespace.
+        "due": "list[{check_id,owner,outcome:valid|missing|stale|fail|blocked|unavailable,receipt_refs}]",
.ai/workflow-reliability/design-contracts.json:517: trailing whitespace.
+        "future": "derived list[check ID]",
.ai/workflow-reliability/design-contracts.json:518: trailing whitespace.
+        "reopened": "list[{id,changed_prerequisites,invalidated_receipts}]",
.ai/workflow-reliability/design-contracts.json:519: trailing whitespace.
+        "blockers": "list[{code,target,reason,owner,command_or_handoff_ref}]",
.ai/workflow-reliability/design-contracts.json:520: trailing whitespace.
+        "next_command": "controlled workflow.py argv|null",
.ai/workflow-reliability/design-contracts.json:521: trailing whitespace.
+        "ledger_seq": "integer",
.ai/workflow-reliability/design-contracts.json:522: trailing whitespace.
+        "inputs": "GuardSnapshot",
.ai/workflow-reliability/design-contracts.json:523: trailing whitespace.
+        "limitations": "list[string]"
.ai/workflow-reliability/design-contracts.json:524: trailing whitespace.
+      },
.ai/workflow-reliability/design-contracts.json:525: trailing whitespace.
+      "rules": "Blocked => next_command=null; remediation separately identifies owner/registered replay, not permitted dispatch. A derived response, never a second status file. State/traceability/report/communication index this result and reviewer judgments, with unconfirmed approval/publication disclosed."
.ai/workflow-reliability/design-contracts.json:526: trailing whitespace.
+    }
.ai/workflow-reliability/design-contracts.json:527: trailing whitespace.
+  },
.ai/workflow-reliability/design-contracts.json:528: trailing whitespace.
+  "procedures": {
.ai/workflow-reliability/design-contracts.json:529: trailing whitespace.
+    "edges_and_resume": [
.ai/workflow-reliability/design-contracts.json:530: trailing whitespace.
+      "Resolve only forward requires edges. Action admission needs its Action.requires plus increment-kind edges inherited from its parent Increment.requires. It does not wait for its own increment's closing review. Check proof prerequisites are those of Check.action_id. Increment closure needs its requires and executed member actions. Ship unions all closures.",
.ai/workflow-reliability/design-contracts.json:531: trailing whitespace.
+      "Derive reverse edges, membership, due/future lists and command replay. Changing a requires edge changes the owning record hash. Reject references to unknown IDs, cycles, orphan/duplicate check actions and missing mandatory closure proof.",
.ai/workflow-reliability/design-contracts.json:532: trailing whitespace.
+      "For each due check recursively validate receipt bytes, relevant source/component/check/action/claim hashes, prerequisite receipts, roles/contexts and actual outcome. Unknown required measurements cannot be waived.",
.ai/workflow-reliability/design-contracts.json:533: trailing whitespace.
+      "On changed inputs compute reverse dependency closure and reopen affected tasks/increments. Preserve unaffected receipt IDs/content. No blanket reset or copying old green status. Re-read current-design pointer on fresh-context resume.",
.ai/workflow-reliability/design-contracts.json:534: trailing whitespace.
+      "Before spawning acquire lock and re-evaluate, then persist admission/launch-intent and call run_capture with lifecycle observer. Persist actual observation synchronously. Check input changes within observed scopes invalidate check proof. Work changes within observed scopes reopen their affected current checks; declared_changes is review guidance, not enforced write permissions.",
.ai/workflow-reliability/design-contracts.json:535: trailing whitespace.
+      "A command returning zero records execution, not task correctness or closure. Close additionally checks feature-branch completion commit matches the proven source. Future checks do not block earlier scoped admission; final ship includes all ACs."
.ai/workflow-reliability/design-contracts.json:536: trailing whitespace.
+    ],
.ai/workflow-reliability/design-contracts.json:537: trailing whitespace.
+    "process_recovery": [
.ai/workflow-reliability/design-contracts.json:538: trailing whitespace.
+      "Current run_capture keeps Popen private and its timeout monitor dies with the caller. The new synchronous observer exposes known lifecycle facts; it is not a supervisor. Guard writes durable launch-intent before entering the spawn operation.",
.ai/workflow-reliability/design-contracts.json:539: trailing whitespace.
+      "Successful Popen triggers spawned observation with actual PID/group and any supported creation identity before the normal monitor proceeds. If observer persistence fails, stop the command best effort using the still-owned handle, report observer error and leave admission unresolved unless termination evidence is established. Do not append false no-spawn/success.",
.ai/workflow-reliability/design-contracts.json:540: trailing whitespace.
+      "Crashes can occur between Popen and durable spawned, or between intent and Popen. Both leave spawned=unknown. No callback design can erase that interval. Guard death also does not imply child or descendants stopped; direct-exited after wait proves only that direct child.",
.ai/workflow-reliability/design-contracts.json:541: trailing whitespace.
+      "recover with known ownership needs captured, supported platform evidence identifying the admitted process and owned descendants and establishing their termination, independently checked. A PID number alone, PID reuse, root absence or best-effort taskkill request is insufficient. If platform inspection cannot cover the tree, return RECOVERY_UNVERIFIED/exit 3 without clearing the lock.",
.ai/workflow-reliability/design-contracts.json:542: trailing whitespace.
+      "For uncertain spawn or unidentified descendants, ordinary recovery remains blocked. Only independently checked evidence that the entire admitted execution environment was reset/terminated after the launch attempt may resolve it; otherwise keep the original workspace blocked and use a separately verified clean environment. Do not implement an orphan finder, rebooter, supervisor or imaginary host API.",
.ai/workflow-reliability/design-contracts.json:543: trailing whitespace.
+      "Valid recovery appends interrupted/recovered with evidence and releases the matching stale lock only after confirming guard inactivity. No replay or success receipt; fresh due checks are still required. Human/null-command handoffs are awaiting-response and accept matching record without pretending a child existed."
.ai/workflow-reliability/design-contracts.json:544: trailing whitespace.
+    ],
.ai/workflow-reliability/design-contracts.json:545: trailing whitespace.
+    "temporal_proof": [
.ai/workflow-reliability/design-contracts.json:546: trailing whitespace.
+      "A before-action behavioral-red/compatibility check is accepted while its pre-change source and current contracts match. Its single consuming work/retire action derives from requires. Compatibility also requires observed old/new coexistence, legacy presence and due caller/migration/rollback checks.",
.ai/workflow-reliability/design-contracts.json:547: trailing whitespace.
+      "Consume exact receipt hashes in a durable action admission before modification/retirement. Backdated timestamps or tests after old paths disappeared cannot substitute for earlier accepted proof.",
.ai/workflow-reliability/design-contracts.json:548: trailing whitespace.
+      "After work, retain consumed before-action proof as historical evidence tied to that admission; do not demand old bytes equal new bytes. Require separate current green/post-retirement checks. Contract/prerequisite changes reopen affected consumers; never backfill chronology."
.ai/workflow-reliability/design-contracts.json:549: trailing whitespace.
+    ],
.ai/workflow-reliability/design-contracts.json:550: trailing whitespace.
+    "persistence": [
.ai/workflow-reliability/design-contracts.json:551: trailing whitespace.
+      "Independent evidence.py writes same-directory unique staging JSON, flush/fsync and os.replace; directory fsync where supported. Same-directory is for atomicity, not an OS-temp policy.",
.ai/workflow-reliability/design-contracts.json:552: trailing whitespace.
+      "Write immutable blobs before accepting ledger references; crash-orphaned blobs are not proof. Append ledger last under expected-sequence check and exclusive workspace lock. Measurement lock is separate; child producers never reenter the guard or append its ledger.",
.ai/workflow-reliability/design-contracts.json:553: trailing whitespace.
+      "Input hashes exclude exact owned output files so emitting metrics or ledger events cannot self-invalidate source proof. Include normative .ai contracts explicitly where relevant. Hash only declared scopes and disclose their limits.",
.ai/workflow-reliability/design-contracts.json:554: trailing whitespace.
+      "Keep original receipts/revisions immutable. Adoption pointer/ledger mismatch fails closed until reconciled against retained hashes. Cleanup only exact owned scratch paths; do not alter old runners just to relocate private temporary directories."
.ai/workflow-reliability/design-contracts.json:555: trailing whitespace.
+    ]
.ai/workflow-reliability/design-contracts.json:556: trailing whitespace.
+  },
.ai/workflow-reliability/design-contracts.json:557: trailing whitespace.
+  "document_bindings": [
.ai/workflow-reliability/design-contracts.json:558: trailing whitespace.
+    {
.ai/workflow-reliability/design-contracts.json:559: trailing whitespace.
+      "acs": ["AC03", "AC04", "AC05", "AC07", "AC09"],
.ai/workflow-reliability/design-contracts.json:560: trailing whitespace.
+      "files": ["SKILL.md", "references\\workflow-gates.md (new)", "references\\planning.md", "references\\workspace.md", "references\\review-and-pr.md", "references\\delegation.md", "references\\testing-and-e2e.md"],
.ai/workflow-reliability/design-contracts.json:561: trailing whitespace.
+      "sources": ["S6", "S7", "S13"],
.ai/workflow-reliability/design-contracts.json:562: trailing whitespace.
+      "change": "Canonical triggers load the detailed admission reference at plan acceptance, before registered checks/work, resume and closure. Delegation briefs resolve current-design.json and provide that revision plus admitted handoff/check identity. Testing reference routes required red through before-action admission and green through current checks; direct run.py remains useful diagnostic execution but is not automatically a guarded receipt. Preserve mandatory independent fresh verifier/reviewer and explicit outside-guard limitation."
.ai/workflow-reliability/design-contracts.json:563: trailing whitespace.
+    },
.ai/workflow-reliability/design-contracts.json:564: trailing whitespace.
+    {
.ai/workflow-reliability/design-contracts.json:565: trailing whitespace.
+      "acs": ["AC02", "AC09"],
.ai/workflow-reliability/design-contracts.json:566: trailing whitespace.
+      "files": ["SKILL.md", "references\\quality-metrics.md", "references\\quality-bar.md", "references\\review-and-pr.md", "references\\final-report.md", "README.md", "docs\\architecture.md", "evals\\README.md"],
.ai/workflow-reliability/design-contracts.json:567: trailing whitespace.
+      "sources": ["S2", "S4", "S8", "S10"],
.ai/workflow-reliability/design-contracts.json:568: trailing whitespace.
+      "change": "Update schema/exit/pass consumers together. State unsupported coverage/architecture collection as required-unavailable, not automatic measurement. Distinguish numeric no-regression from completeness; unknown baseline never greenfield. Remove timeout kills/stale reuse and directly coupled README cold-self-review fallback. Keep eval threshold/null semantics separate."
.ai/workflow-reliability/design-contracts.json:569: trailing whitespace.
+    },
.ai/workflow-reliability/design-contracts.json:570: trailing whitespace.
+    {
.ai/workflow-reliability/design-contracts.json:571: trailing whitespace.
+      "acs": ["AC07", "AC08"],
.ai/workflow-reliability/design-contracts.json:572: trailing whitespace.
+      "files": ["SKILL.md", "references\\design-doc.md", "references\\planning.md", "references\\workspace.md", "references\\research.md", "references\\communication.md", "references\\final-report.md"],
.ai/workflow-reliability/design-contracts.json:573: trailing whitespace.
+      "sources": ["S6", "S7", "S8"],
.ai/workflow-reliability/design-contracts.json:574: trailing whitespace.
+      "change": "Use standalone current-design pointer/history on revision; require earlier consumed compatibility before retirement. Research corrections retain scoped claims/supersession and correction/acceptance owners. Status/traceability/messages derive readiness, not optimistic independent trackers."
.ai/workflow-reliability/design-contracts.json:575: trailing whitespace.
+    }
.ai/workflow-reliability/design-contracts.json:576: trailing whitespace.
+  ],
.ai/workflow-reliability/design-contracts.json:577: trailing whitespace.
+  "compatibility": {
.ai/workflow-reliability/design-contracts.json:578: trailing whitespace.
+    "standalone": "I1 commands remain usable without workflow artifacts. Reports identify standalone-source binding, not guarded admission. Existing project/root cwd and simple legacy command forms remain supported; ambiguous text must use new argv.",
.ai/workflow-reliability/design-contracts.json:579: trailing whitespace.
+    "adoption": "Missing workflow/current-design blocks guarded advancement only. An ordinary source/candidate-hash-bound independent design review permits present-time adoption, not historical check migration. Unconfirmed human approval stays explicit under authorized autopilot.",
.ai/workflow-reliability/design-contracts.json:580: trailing whitespace.
+    "thresholds": "Generic mutation 60%, independent eval 0.9 and composite null normalization are retained. Current greenfield cycle policy is tightened to no cycles, not relaxed. Missing required proof remains fail even if this means overall quality cannot yet be claimed complete.",
.ai/workflow-reliability/design-contracts.json:581: trailing whitespace.
+    "packaging": "Existing installers copy scripts. If the existing live harness invokes the new guard, stageSkillBundle must include scripts/assets as well as SKILL/references; no new host adapter. No scratch-location-only refactor.",
.ai/workflow-reliability/design-contracts.json:582: trailing whitespace.
+    "scope": "No historical team-planner or workflow-app-verification evidence edits. No UI surface, dependency/framework/factory, publication retry or unsupported host API. Reverting guarded capability must not downgrade old proof into readiness."
.ai/workflow-reliability/design-contracts.json:583: trailing whitespace.
+  },
.ai/workflow-reliability/design-contracts.json:584: trailing whitespace.
+  "verification": {
.ai/workflow-reliability/design-contracts.json:585: trailing whitespace.
+    "status": "Proposed verification, not executed feature evidence. Later planner owns task/check IDs and exact command expansion. Parent rerenders r2; r1's reported three-page render does not verify this revision.",
.ai/workflow-reliability/design-contracts.json:586: trailing whitespace.
+    "deterministic": [
.ai/workflow-reliability/design-contracts.json:587: trailing whitespace.
+      {
.ai/workflow-reliability/design-contracts.json:588: trailing whitespace.
+        "acs": ["AC01", "AC02", "AC09"],
.ai/workflow-reliability/design-contracts.json:589: trailing whitespace.
+        "cases": [
.ai/workflow-reliability/design-contracts.json:590: trailing whitespace.
+          "Real Git fixtures with .mjs/.cjs changes, native tests and no workflow.json/current-design.json/ledger: mutation/probe emit fresh source-only results. Missing quality collectors fail incomplete without asking for adoption.",
.ai/workflow-reliability/design-contracts.json:591: trailing whitespace.
+          "Root with no package; nested ESM package test cwd; argv and filenames containing spaces; explicit root eval selection; source byte restoration.",
.ai/workflow-reliability/design-contracts.json:592: trailing whitespace.
+          "Actual assertion kill versus syntax/arrow mutation, import/setup errors, empty/skipped/todo/cancelled required tests, timeouts and printed ERR_ASSERTION; never count wrong-reason kills.",
.ai/workflow-reliability/design-contracts.json:593: trailing whitespace.
+          "Stale high-score latest report plus failed current mutation, mismatched run/input hashes, failed baseline and malformed/empty analyzer output; assert nonzero incomplete and no stale score consumption.",
.ai/workflow-reliability/design-contracts.json:594: trailing whitespace.
+          "Pure policy/classifier boundaries; all existing thresholds and eval normalization retained."
.ai/workflow-reliability/design-contracts.json:595: trailing whitespace.
+        ]
.ai/workflow-reliability/design-contracts.json:596: trailing whitespace.
+      },
.ai/workflow-reliability/design-contracts.json:597: trailing whitespace.
+      {
.ai/workflow-reliability/design-contracts.json:598: trailing whitespace.
+        "acs": ["AC03", "AC04", "AC05", "AC09"],
.ai/workflow-reliability/design-contracts.json:599: trailing whitespace.
+        "cases": [
.ai/workflow-reliability/design-contracts.json:600: trailing whitespace.
+          "Real sentinel child remains absent for missing review, same context, stale/malformed proof, missing metric, edge cycle or unmet action requires. Closure-only review does not block execution of the review check itself.",
.ai/workflow-reliability/design-contracts.json:601: trailing whitespace.
+          "Assert derived reverse/due/replay views cannot be independently authored; reject removed duplicate fields as malformed rather than choose an authority.",
.ai/workflow-reliability/design-contracts.json:602: trailing whitespace.
+          "Start a live long-running child, persist spawned identity, terminate only the guard, then assert a second next/recover with just dead-guard/lock-age/root-PID evidence remains blocked while child is alive. Clean up only test-owned handles/PIDs.",
.ai/workflow-reliability/design-contracts.json:603: trailing whitespace.
+          "Known-tree termination with actual platform evidence resolves interruption, not success. Unsupported tree evidence remains blocked. Inject crash after Popen before observer persistence and observer-write failure; missing PID becomes unknown, never no-spawn. Environment-reset recovery validation has positive/negative protocol cases, not a claimed live machine reset.",
.ai/workflow-reliability/design-contracts.json:604: trailing whitespace.
+          "Observed input edit invalidates corresponding proof; outside-scope write is deliberately not claimed detectable. Receipt emission does not change source hash. Lock contention prevents two routed admissions."
.ai/workflow-reliability/design-contracts.json:605: trailing whitespace.
+        ]
.ai/workflow-reliability/design-contracts.json:606: trailing whitespace.
+      },
.ai/workflow-reliability/design-contracts.json:607: trailing whitespace.
+      {
.ai/workflow-reliability/design-contracts.json:608: trailing whitespace.
+        "acs": ["AC05", "AC06", "AC07", "AC08"],
.ai/workflow-reliability/design-contracts.json:609: trailing whitespace.
+        "cases": [
.ai/workflow-reliability/design-contracts.json:610: trailing whitespace.
+          "Fresh process reads artifacts only after one prerequisite changes: affected branch reopens; unrelated receipt IDs/hashes survive.",
.ai/workflow-reliability/design-contracts.json:611: trailing whitespace.
+          "Change component/check/claim binding; only consumers reopen. Current-design history retains old revision; delegation brief resolves the new pointer.",
.ai/workflow-reliability/design-contracts.json:612: trailing whitespace.
+          "Compatibility after retirement, backdated receipt, or already-absent legacy paths blocks before child. Valid earlier compatibility admission plus retire plus current post-checks closes while preserving historical pre-proof.",
.ai/workflow-reliability/design-contracts.json:613: trailing whitespace.
+          "Correct research claim with explicit supersedes and both owners; status/report view cites the same due blockers.",
.ai/workflow-reliability/design-contracts.json:614: trailing whitespace.
+          "Negative workflow evaluations pair each of absent review, setup-as-red, stale evidence, unavailable metric and premature retirement with a valid actual execution/assertion case."
.ai/workflow-reliability/design-contracts.json:615: trailing whitespace.
+        ]
.ai/workflow-reliability/design-contracts.json:616: trailing whitespace.
+      }
.ai/workflow-reliability/design-contracts.json:617: trailing whitespace.
+    ],
.ai/workflow-reliability/design-contracts.json:618: trailing whitespace.
+    "native_commands": {
.ai/workflow-reliability/design-contracts.json:619: trailing whitespace.
+      "existing": ["node --test evals\\lib\\*.test.mjs evals\\agent\\agent.test.mjs", "node evals\\run.mjs", "node evals\\agent\\live.mjs --task paginator --dry-run"],
.ai/workflow-reliability/design-contracts.json:620: trailing whitespace.
+      "new": ["python -B -m unittest discover -s scripts\\tests", "node --test evals\\workflow\\EXPLICIT-TEST-FILES"],
.ai/workflow-reliability/design-contracts.json:621: trailing whitespace.
+      "rules": "Use documented native runners; expand exact files where needed. No new framework. Add actual relevant assertions and subprocess effects, not JSON snapshot-only success. Preserve private scratch ownership/cleanup; obey the execution session's restrictions without converting them into product behavior."
.ai/workflow-reliability/design-contracts.json:622: trailing whitespace.
+    },
.ai/workflow-reliability/design-contracts.json:623: trailing whitespace.
+    "parent_host_experiments": {
.ai/workflow-reliability/design-contracts.json:624: trailing whitespace.
+      "acs": ["AC05", "AC06", "AC09"],
.ai/workflow-reliability/design-contracts.json:625: trailing whitespace.
+      "separation": "Deterministic tests are not fresh-agent or blind-diagnosis evidence. Parent uses actual available fresh contexts; this CLI creates none. Missing host support is a named final limitation, not an I1 prerequisite.",
.ai/workflow-reliability/design-contracts.json:626: trailing whitespace.
+      "resume": "Supply a new participant only the workspace path and neutral resume instruction after changing one prerequisite. No prior conversation/changed-ID hint. Capture input manifest, first status, actions and declared context. Independent evaluator checks reopened affected work, preserved unaffected proof and no blocked dispatch.",
.ai/workflow-reliability/design-contracts.json:627: trailing whitespace.
+      "diagnosis": "Independent evaluator selects a new bounded defect/oracle after reusable participant instructions are frozen, outside fixed failure fixtures and the disclosed planner example. Seed a separate participant directory with symptom/runtime/source only; neutral fresh Git history contains no injection diff, cause, fix or solution. Keep cause/oracle/solution in evaluator context and a separate unadvertised evaluator-owned location, not participant inputs. Do not send evaluator artifacts through coordination messages before completion.",
.ai/workflow-reliability/design-contracts.json:628: trailing whitespace.
+      "shared_filesystem": "This withholds experimental inputs; it does not prevent all filesystem access. Record shared-storage/tool capabilities and missing per-path sandbox. Retain participant input/history manifest, transcript and available tool-access records; evaluator checks for exposure/searches reaching withheld material. Cause/oracle exposure, leaked history or insufficient records to substantiate this bounded input/access claim makes blindness NOT-VERIFIED. Do not silently count it as held out or demand adversarial isolation that the host lacks.",
.ai/workflow-reliability/design-contracts.json:629: trailing whitespace.
+      "grading": "Only after participant completes, run evaluator-held original/minimized symptom assertions and regression oracle against output. Inspect actual relevant red, supported causal diagnosis, minimized reproduction, original-case green and scope. Preserve grader command/cwd/output and raw evidence; no stdout-only pass. Release withheld manifest for independent review after grading.",
.ai/workflow-reliability/design-contracts.json:630: trailing whitespace.
+      "record": "schema_version; experiment_id; kind resume|held-out-diagnosis; participant/evaluator Producer; instructions_hash; participant_input_manifest[{path,sha256}]; seed_history_ref; withheld_manifest_ref; access_capabilities; transcript_ref; available_access_log_refs; exposure_findings; blindness verified-bounded|not-verified; output_source_snapshot; grader_command; assertion_results; outcome verified|failed|environment-blocked; limitations.",
.ai/workflow-reliability/design-contracts.json:631: trailing whitespace.
+      "claims": "At most one observed bounded exercise, with shared-filesystem/access-record limits explicit. No authenticated isolation, repeated uncoached study or causal/general model-effectiveness claim."
.ai/workflow-reliability/design-contracts.json:632: trailing whitespace.
+    },
.ai/workflow-reliability/design-contracts.json:633: trailing whitespace.
+    "final_proof": "Independent verification/review at each increment before dependent work; final existing native/eval regressions plus all due AC scenarios and separate fresh-agent experiments. Historical 51/51 and four P0 counterexamples remain baseline evidence only. Missing collectors, metrics, approval, platform recovery evidence or live experiments stay incomplete/unverified with owner and exact supported replay or named prerequisite. No hidden waiver, threshold relaxation or publication attempt."
.ai/workflow-reliability/design-contracts.json:634: trailing whitespace.
+  }
.ai/workflow-reliability/design-contracts.json:635: trailing whitespace.
+}
.ai/workflow-reliability/design-review.md:1: trailing whitespace.
+# Independent design review
.ai/workflow-reliability/design-review.md:2: trailing whitespace.
+
.ai/workflow-reliability/design-review.md:3: trailing whitespace.
+## Round 2 — final bounded review
.ai/workflow-reliability/design-review.md:4: trailing whitespace.
+
.ai/workflow-reliability/design-review.md:5: trailing whitespace.
+**Final verdict: APPROVE**
.ai/workflow-reliability/design-review.md:6: trailing whitespace.
+
.ai/workflow-reliability/design-review.md:7: trailing whitespace.
+Scope: DR1–DR7 dispositions and regressions caused by their revisions only. This supersedes the round-1 design verdict, not its preserved findings or the parent's separate dispositions. The designer's `ACCEPTED` labels were checked against the revised interfaces, records, procedures and verification obligations; they were not accepted as proof by themselves.
.ai/workflow-reliability/design-review.md:8: trailing whitespace.
+
.ai/workflow-reliability/design-review.md:9: trailing whitespace.
+Reviewed r2 artifact SHA-256:
.ai/workflow-reliability/design-review.md:10: trailing whitespace.
+- `design.html`: `44d254d978c22a0be07313112295fc87ee34eb5843f3035e5ba8b52e1f3776e8`
.ai/workflow-reliability/design-review.md:11: trailing whitespace.
+- `design-contracts.json`: `15045977c39ff49967eadc028e7f50d475802ebca3675509e41ef373e66097bb`
.ai/workflow-reliability/design-review.md:12: trailing whitespace.
+
.ai/workflow-reliability/design-review.md:13: trailing whitespace.
+### Independent dispositions
.ai/workflow-reliability/design-review.md:14: trailing whitespace.
+
.ai/workflow-reliability/design-review.md:15: trailing whitespace.
+All locations below are in the r2 linked contract unless stated otherwise.
.ai/workflow-reliability/design-review.md:16: trailing whitespace.
+
.ai/workflow-reliability/design-review.md:17: trailing whitespace.
+| Finding | Final disposition | Bounded verification of the revision |
.ai/workflow-reliability/design-review.md:18: trailing whitespace.
+|---|---|---|
.ai/workflow-reliability/design-review.md:19: trailing whitespace.
+| DR1 — child ownership/recovery | **Resolved at design level** | The `run.py` interface now has synchronous `observe(ProcessObservation)` in addition to `env`; `Event` persists lifecycle facts. `procedures.process_recovery` explicitly preserves the spawn-to-record uncertainty, treats direct-child exit as insufficient for descendant death, and blocks unsupported recovery. Observer-write failure triggers only best-effort cleanup and unresolved admission, never a false success. Live-child, missing-observation and callback-failure cases are specified. This meets the accepted conservative alternative: no imaginary process visibility, guaranteed orphan cleanup, reset API or automatic replay. |
.ai/workflow-reliability/design-review.md:20: trailing whitespace.
+| DR2 — undeclared-write claim | **Resolved** | `Action.declared_changes` is review guidance, not enforced permissions. `FileScope`, `SourceSnapshot`, `boundaries.trust` and `procedures.edges_and_resume` consistently restrict observation to declared inputs, including for routed children. The revised test explicitly does not claim detection of outside-scope writes. Source/check freshness and blocked-no-spawn remain required. No sandbox was added to repair an overclaim. |
.ai/workflow-reliability/design-review.md:21: trailing whitespace.
+| DR3 — due-edge authorities | **Resolved** | `Action.requires` governs action admission; `Increment.requires` governs closure and inherited prerequisite-increment closures. `Check.action_id` supplies the single check-command association. Reverse edges, membership and replay are derived; removed duplicate fields must be rejected. The own-increment closing review is explicitly not an action-start prerequisite, avoiding the review-before-review execution deadlock. Before-action checks retain a single consuming action and historical consumption. |
.ai/workflow-reliability/design-review.md:22: trailing whitespace.
+| DR4 — canonical consumers | **Resolved** | `document_bindings` explicitly includes both `references\delegation.md` and `references\testing-and-e2e.md`. Briefs resolve the current revision and carry admitted check/handoff identity; required red is before-action proof and green is current proof. Direct `run.py` execution remains diagnostic/unbound. Mandatory fresh-role ownership and the outside-guard limitation are preserved. |
.ai/workflow-reliability/design-review.md:23: trailing whitespace.
+| DR5 — measurement-first coupling | **Resolved** | `evidence.py` owns independent source hashing, atomic writes and locking; workflow-specific code depends on it, not conversely. `SourceSnapshot` and `ContractBinding` are separate types, with no silently empty guarded binding. `boundaries.measurement_first`, the probe CLI and real fixture cases explicitly require useful fresh reports without workflow/adoption/ledger artifacts. No metric import, exemption or design-review prerequisite is imposed on I1. Later metrics checks rerun their producer under admission rather than relabel old standalone results. |
.ai/workflow-reliability/design-review.md:24: trailing whitespace.
+| DR6 — scratch premise | **Resolved** | The product-wide location ban and scratch-only runner refactor are removed from the mutation CLI, persistence procedure, compatibility and verification text. Exact ownership/cleanup remains; execution-session constraints are distinguished from product behavior. This no longer adds source changes solely to enforce an invented repository requirement. |
.ai/workflow-reliability/design-review.md:25: trailing whitespace.
+| DR7 — held-out/isolation overconstraint | **Resolved** | `verification.parent_host_experiments` now defines neutral input/history, separately withheld evaluator material, no premature coordination leakage, manifests and available access traces. Shared storage and lack of a per-path sandbox are disclosed. Exposure or insufficient records leaves blindness not verified. Grading occurs after participant completion. No adversarial isolation API is required, and unavailable experiment proof is not an I1 dependency. |
.ai/workflow-reliability/design-review.md:26: trailing whitespace.
+
.ai/workflow-reliability/design-review.md:27: trailing whitespace.
+### Regression checks and approval limits
.ai/workflow-reliability/design-review.md:28: trailing whitespace.
+
.ai/workflow-reliability/design-review.md:29: trailing whitespace.
+- **Fail-closed quality was not weakened by simplification.** Required unsupported metrics still produce incomplete/fail; no waiver, old-score fallback or threshold reduction was introduced. The stock probe's missing coverage/architecture collectors are a real remaining measurement limitation, not an approved complete-quality result. A missing collector cannot be replaced with a fixture receipt when claiming actual increment closure.
.ai/workflow-reliability/design-review.md:30: trailing whitespace.
+- **The guard remains a bounded local primitive.** Revised edge ownership, derived replay and separate source/contract binding remove the specific contradictory authorities and forward dependency. The six verbs still have concrete purposes; these revisions introduce no framework, factory, authentication claim or host API.
.ai/workflow-reliability/design-review.md:31: trailing whitespace.
+- **Conservative recovery is intentionally limited, not magically implemented.** The callback is implementable using the existing local `Popen` handle. Creation identity and whole-tree termination evidence may be unavailable on a platform; that run must remain blocked. A protocol fixture for environment-reset evidence does not establish that a live reset occurred or that the host offers one.
.ai/workflow-reliability/design-review.md:32: trailing whitespace.
+- **Scoped resume and temporal evidence survive the edits.** Current-pointer resolution, relevant binding invalidation, preservation of unaffected receipts, and consumption of earlier compatibility/red proof before the named action remain explicit. No new backfill or blanket-reset permission was introduced.
.ai/workflow-reliability/design-review.md:33: trailing whitespace.
+- **Independent validation remains future work.** The revised standalone, forward-edge, live-child crash and consumer cases are bounded tests of the changed contracts. Actual native-version behavior, quality measurements, per-increment verification/review and the fresh-agent experiments are still required. No implementation or feature test has run in this review.
.ai/workflow-reliability/design-review.md:34: trailing whitespace.
+
.ai/workflow-reliability/design-review.md:35: trailing whitespace.
+No additional blocking regression was established within this bounded re-review. This is approval of the revised design dispositions, **not** implementation completion, an all-AC verification pass, human sign-off, authenticated isolation or a rendered page-count result. Parent owns rendering and subsequent planning; the historical review below is unchanged except for being labeled superseded.
.ai/workflow-reliability/design-review.md:36: trailing whitespace.
+
.ai/workflow-reliability/design-review.md:37: trailing whitespace.
+## Round 1 — preserved historical review
.ai/workflow-reliability/design-review.md:38: trailing whitespace.
+
.ai/workflow-reliability/design-review.md:39: trailing whitespace.
+**REVISE — superseded by the round-2 final verdict above**
.ai/workflow-reliability/design-review.md:40: trailing whitespace.
+
.ai/workflow-reliability/design-review.md:41: trailing whitespace.
+Reviewed the nine ACs in `state.md`, `traceability.md`, the complete research handoff, `design.html`, and all of `design-contracts.json`. This is a fresh-context design judgment, not implementation verification or parent disposition. The four counterexamples in `evidence\p0-reproductions.json` were read, not reproduced.
.ai/workflow-reliability/design-review.md:42: trailing whitespace.
+
.ai/workflow-reliability/design-review.md:43: trailing whitespace.
+Reviewed artifact SHA-256:
.ai/workflow-reliability/design-review.md:44: trailing whitespace.
+- `design.html`: `9454545ecebdb35749bdbff3d606c6eb5b989b2700bb9a2ffe7036531269fa8f`
.ai/workflow-reliability/design-review.md:45: trailing whitespace.
+- `design-contracts.json`: `02cad69dddd70e958b495867ede9a9ec1df30ad67db7c676b65ea7f26ad3812c`
.ai/workflow-reliability/design-review.md:46: trailing whitespace.
+
.ai/workflow-reliability/design-review.md:47: trailing whitespace.
+All ACs have named components and proposed tests; no nonexistent existing symbol was established. The design is directionally sound, but the following bounded gaps prevent approval.
.ai/workflow-reliability/design-review.md:48: trailing whitespace.
+
.ai/workflow-reliability/design-review.md:49: trailing whitespace.
+## Findings
.ai/workflow-reliability/design-review.md:50: trailing whitespace.
+
.ai/workflow-reliability/design-review.md:51: trailing whitespace.
+Locations below refer to `design-contracts.json` unless another file is named. Severity describes design impact, not a newly reproduced production bug.
.ai/workflow-reliability/design-review.md:52: trailing whitespace.
+
.ai/workflow-reliability/design-review.md:53: trailing whitespace.
+| ID | Severity / principle / AC | Concrete finding and unsatisfied scenario | Suggested direction |
.ai/workflow-reliability/design-review.md:54: trailing whitespace.
+|---|---|---|---|
.ai/workflow-reliability/design-review.md:55: trailing whitespace.
+| DR1 | **High** · failure handling / interface correctness · AC03–05, AC09 | **Recovery cannot establish that the admitted child has stopped using the proposed process interface.** `cli_contract.workflow.verbs.recover` requires confirming both CLI and child are no longer running. `LockOwner` records only the guard PID; `Event` has no child ownership reference. The proposed `run_capture` change adds only `env`, retaining its return-only tuple. In the actual `scripts\run.py:63–97,109–140`, the process handle remains local until completion, and the timeout monitor lives in that same Python process. If the guard is terminated while its child runs, the owner PID can be dead while the child remains active. Clearing the lock can admit overlapping work; refusing forever leaves the advertised recovery unusable. A stale-lock token is not evidence of child termination. | Specify the smallest concrete ownership/recovery seam, including the crash interval around spawning. An unresolved child must remain blocked; do not infer child death from guard death or age. State what evidence permits recovery after an uncertain spawn, without introducing a supervisor service or host API. The existing crash fixture must exercise a **live child**, not only an admission written before spawn. |
.ai/workflow-reliability/design-review.md:56: trailing whitespace.
+| DR2 | **High** · scope correctness / right-sized responsibility · AC03–05 | **The promised detection of undeclared child writes exceeds the specified snapshot boundary.** `algorithms.admission_and_resume` first hashes target/prerequisite scopes, then promises that work/retire commands may change only `allowed_outputs` and that any unexpected source change blocks closure. `InputScope` and `Snapshot` contain only declared inputs; there is no wider before/after inventory. A registered action whose inputs cover `src\a` can also change unrelated `src\b` outside every named scope. Those snapshots cannot distinguish that execution from one changing only `src\a`. This is a routed child, not an arbitrary bypassing tool. | Either define a bounded observed-write inventory sufficient for this promise, or explicitly narrow/remove the undeclared-write policing promise and document that scope completeness is independently reviewed. Do not turn a small admission guard into a filesystem sandbox. Keep required source/check/contract freshness and true blocked-no-spawn guarantees unchanged. |
.ai/workflow-reliability/design-review.md:57: trailing whitespace.
+| DR3 | **Medium** · minimal interfaces / single authority / readability · AC03, AC05, AC09 | **Due-check relationships have several writable authorities without an explicit reconciliation rule.** `Action.requires`, `Check.gates`, and `Increment.due_checks` each describe gating; `algorithms.admission_and_resume` names the first and third but not how the reverse `gates` relation participates. For example, a check names an action in `gates`, while that action omits it from `requires`, and the check is due at increment closure. The contract does not say whether action admission must block, whether closure alone waits, or whether the contract is malformed. This is a concrete handoff ambiguity, amplified by the 69,477-byte specification's separately stored command/replay and graph indexes. Calling it “not a DSL” does not remove the cost of maintaining multiple graph definitions. | Select one authoritative due-edge representation and derive the other views, or define strict equality/consistency validation and the explicit action-versus-closure rule. Prefer deleting redundant writable indexes and deriving replay data from the registered command. Retain only the records needed for the stated negative scenarios; no new graph features are requested. |
.ai/workflow-reliability/design-review.md:58: trailing whitespace.
+| DR4 | **Medium** · canonical consumer consistency · AC04, AC05, AC07, AC09 | **Two operational consumers are missing from the change bindings.** `workflow_document_bindings` does not include `references\delegation.md` or `references\testing-and-e2e.md`. The former's design-review and verification briefs explicitly hand off `design.html`, which this design makes historical after adoption; a fresh verifier can therefore receive the old contract. The latter's “Small test-first cycles” and direct `run.py` suite instructions do not identify the new before-action admission/receipt route. Updating SKILL alone leaves these detailed, actively used briefs inconsistent. This is not a request to rewrite every illustrative HTML link. | Include these two references in the directly affected consumer scope. Resolve the current pointer in delegated briefs; explain when registered checks/handoffs use guard admission and when direct runner execution remains diagnostic/unbound. Keep the existing no-inline independent-review rule and explicit outside-the-guard limitation. |
.ai/workflow-reliability/design-review.md:59: trailing whitespace.
+| DR5 | **Medium** · dependency direction / incremental implementability · AC01, AC02, AC09 | **The promised measurement-first increment lacks an explicit guard-independent persistence boundary.** Both measurement components depend on `workflow_state` snapshot/atomic primitives, while that module also owns workspace loading, adopted contracts and ledger validation. `Snapshot` includes check/action/component/claim bindings. The design names no I1-owned subset or standalone binding mode. Its real ESM/CJS fixture repository must be able to run mutation/probe before `workflow.json`, current-design adoption, receipts and the I2 guard exist. If measurement entry points require that full workspace machinery, I1 cannot independently deliver the P0 fixes; if absent contracts silently become empty bindings, their standalone versus guarded evidentiary meaning is unspecified. This is a boundary omission, not proof that Python cannot implement the helpers in one file. | Establish that standalone measurement hashing/atomic writes and invocation freshness work without loading a workflow ledger or adopted design, and identify their ownership in the measurement-first boundary. A small shared primitive or an explicitly independent I1-owned subset is sufficient; a new module is not mandatory. Later guard validation can consume that evidence without importing future workflow policy into collection. Existing real CLI fixtures should demonstrate this no-workflow-artifacts case. |
.ai/workflow-reliability/design-review.md:60: trailing whitespace.
+| DR6 | **Medium** · grounding / scope control / preservation · AC09 | **Scratch-location changes are justified by a restriction not established by the approved project requirement.** `verification_contract.regression_and_independence.scratch` says existing OS-temp runners “need an explicit project-local scratch seam” to avoid a “workspace restriction”; the mutation CLI safety text also prescribes never using OS temp. Existing `scripts\probe.py:129–147` uses an owned `TemporaryDirectory`, and `evals\lib\score.mjs:115–153` creates a unique private directory and removes that exact owned path. These are not main-checkout writes or broad deletion. The parent's requirement clarification explicitly rejects treating private tool-owned temporary directories as prohibited project behavior and identifies the P0 reproduction's owned-path cleanup. That clarification is attribution, not a new execution by this reviewer. | Correct the asserted rationale and remove mandatory existing-runner changes based solely on it. Project-local scratch may remain a deliberate, proportionate design preference where useful, but not an invented repository-wide safety requirement. Preserve exact ownership and narrowly scoped cleanup wherever scratch lives. No scratch-location refactor is required to fix the four P0 failures. |
.ai/workflow-reliability/design-review.md:61: trailing whitespace.
+| DR7 | **Medium** · testability / host grounding / proportionality · AC06, AC09 | **The held-out exercise adds an access-isolation guarantee beyond the requested blind diagnosis.** `verification_contract.parent_host_experiments.diagnosis` (line 626) requires grader files actually withheld from participant tools and declares the exercise unavailable if that cannot be guaranteed. The parent reports a shared filesystem and no per-path sandbox in the task-agent grant. Under an all-tools-inaccessibility interpretation, the proposed experiment cannot run on that host; separate contexts/directories do not supply that guarantee. Yet neutral participant inputs, withheld cause/oracle and independent post-run grading can support a bounded observed blind exercise without claiming adversarial isolation. | Define blindness in terms of the actual experiment: a neutral seed and participant input/history free of cause, oracle and solution; independent evaluator context; recorded input manifests, observed accesses and access limitations; grading after participant completion. Shared storage must be disclosed, not called isolation. If cause/oracle exposure occurs, or available records cannot substantiate the bounded blindness claim, mark that aspect unverified. If strict filesystem inaccessibility is intentionally retained, name it as an actual host blocker—do not invent a sandbox API. It must not prevent independent P0 implementation/testing; final claims must still disclose any unverified AC06 obligation. |
.ai/workflow-reliability/design-review.md:62: trailing whitespace.
+
.ai/workflow-reliability/design-review.md:63: trailing whitespace.
+### Coupling and proportionality assessment
.ai/workflow-reliability/design-review.md:64: trailing whitespace.
+
.ai/workflow-reliability/design-review.md:65: trailing whitespace.
+**DR1 process-API clarification:** `(rc, stdout, stderr)` supplies no live child handle or PID; adding `env` does not change that. A minimal process-start/ownership seam must durably expose the owned child while the guard is alive, and explicitly handle a crash between spawn and durable recording. A callback alone does not eliminate that interval. Without reliable ownership/termination proof, recovery must report unsupported/blocked for that run, not clear admission based on the dead guard PID. This requires no general orphan-management framework.
.ai/workflow-reliability/design-review.md:66: trailing whitespace.
+
.ai/workflow-reliability/design-review.md:67: trailing whitespace.
+The follow-up inspection used the same artifact hashes. DR5 is the additional actionable coupling finding; it takes priority over cosmetic reduction of document length. The design's module grouping does not itself force a future dependency, but the independently usable measurement boundary must be explicit rather than left for the implementer to redesign.
.ai/workflow-reliability/design-review.md:68: trailing whitespace.
+
.ai/workflow-reliability/design-review.md:69: trailing whitespace.
+`--measurements` has a defensible **final-scope** purpose: the existing probe does not collect diff coverage or architecture-rule evidence, and AC02 requires honest handling of that proof. Nevertheless, imported receipts, applicability/exemption review and bootstrap acceptance are **not prerequisites for fixing the initial completeness/freshness bugs**. Explicit required policy plus fresh collection can correctly report unavailable required observations as incomplete/fail without adopting any workflow. Do not require review/receipt machinery merely to emit that honest failure. If imports/exemptions remain, their authority validation belongs at a defined boundary; a plain number or caller-authored exemption is not enough. This is not a request to waive coverage, make missing architecture inspection not-applicable, or label I1 overall quality passed while proof is absent.
.ai/workflow-reliability/design-review.md:70: trailing whitespace.
+
.ai/workflow-reliability/design-review.md:71: trailing whitespace.
+The six verbs are not independently evidence of overengineering: status, admission, returned-proof import and closure serve actual workflow scenarios; adoption serves AC07 and recovery serves real crashes. No generic transition language, plugin framework or host API is needed. The excess with a concrete correctness cost is the duplicate writable authority in DR3 and the unresolved coupling in DR5, not the verb count alone. Review/bootstrap records can be justified where they bind accepted policy/current design, but must not become mandatory ceremonial setup for an ordinary standalone measurement invocation.
.ai/workflow-reliability/design-review.md:72: trailing whitespace.
+
.ai/workflow-reliability/design-review.md:73: trailing whitespace.
+DR6 adds a separate scope correction: do not turn an execution-location preference into a product requirement and widen the patch to existing runners without an AC-grounded need.
.ai/workflow-reliability/design-review.md:74: trailing whitespace.
+
.ai/workflow-reliability/design-review.md:75: trailing whitespace.
+DR7 distinguishes withheld experimental inputs from adversarial access prevention. The former is relevant to the requested diagnosis; the latter is not an unstated prerequisite for the entire feature. A single observed exercise remains bounded evidence, never authenticated isolation or general model-effectiveness proof.
.ai/workflow-reliability/design-review.md:76: trailing whitespace.
+
.ai/workflow-reliability/design-review.md:77: trailing whitespace.
+## Per-AC coverage
.ai/workflow-reliability/design-review.md:78: trailing whitespace.
+
.ai/workflow-reliability/design-review.md:79: trailing whitespace.
+“Covered” below means adequately specified at design level, not measured success.
.ai/workflow-reliability/design-review.md:80: trailing whitespace.
+
.ai/workflow-reliability/design-review.md:81: trailing whitespace.
+| AC | Named coverage and proposed evidence | Review disposition |
.ai/workflow-reliability/design-review.md:82: trailing whitespace.
+|---|---|---|
.ai/workflow-reliability/design-review.md:83: trailing whitespace.
+| AC01 | `select_test_run`, mutation discovery/operators, `native_result.mjs`; real ESM/CJS repositories, nested cwd, spaced argv, assertion/setup/empty/timeout fixtures. | **Behavior covered; incremental boundary partial: DR5.** Root and package cwd remain separate; unsupported custom/npm routes stay unavailable rather than guessed. Native event classification has an implementable basis. |
.ai/workflow-reliability/design-review.md:84: trailing whitespace.
+| AC02 | `assess_report`, `MetricPolicy`, `Measurement`, `MetricVerdict`, invocation-specific `MutationReport`; baseline-unknown, missing-required and stale-rerun cases. | **Semantics covered; incremental boundary partial: DR5.** Current-run path, return code and input bindings defeat latest-file fallback. Required diff coverage/architecture proof remains incomplete when unavailable. Neither a numeric partial improvement nor an unknown metric is approved as pass. |
.ai/workflow-reliability/design-review.md:85: trailing whitespace.
+| AC03 | `evaluate`, scoped snapshots, check/component hashes, immutable receipts, due-check and producer constraints. | **Partial: DR1–DR3.** Evidence bindings are substantive, but recovery, output-boundary claims and due-edge authority need resolution. |
.ai/workflow-reliability/design-review.md:86: trailing whitespace.
+| AC04 | `workflow.py next`, registered argv/cwd, locked admission, sentinel no-spawn tests; null-command handoffs explicitly do not spawn agents. | **Partial: DR1, DR4.** Routed-only enforcement and self-declared identities are correctly bounded. The runner is not called on a blocked decision; uncertain in-flight recovery needs a defined boundary. |
.ai/workflow-reliability/design-review.md:87: trailing whitespace.
+| AC05 | Reverse dependency reopening, retained receipt IDs, adoption equivalence, fresh-process fixtures and a separately specified fresh-agent exercise. | **Partial: DR1–DR4.** Scoped invalidation is not a blanket reset, but the fresh consumer must receive the actual current contract and unambiguous due edges. A subprocess test alone is not live fresh-context evidence. |
.ai/workflow-reliability/design-review.md:88: trailing whitespace.
+| AC06 | `evals\workflow` negative/positive subprocess pairs and a genuinely withheld diagnosis protocol, distinct from fixed fixtures and the disclosed planner example. | **Partial: DR7.** Deterministic cases are covered. The live diagnosis needs an executable, explicitly bounded blindness contract rather than an assumed per-path sandbox; exposure or insufficient evidence cannot be reported as verified blindness. |
.ai/workflow-reliability/design-review.md:89: trailing whitespace.
+| AC07 | Standalone `CurrentDesign`, retained revisions, ledger-ordered before-action compatibility, old-path presence, post-retirement checks. | **Partial: DR4.** Temporal design is sound: earlier proof is consumed before retirement and retained as historical, not backfilled. Delegation must follow the current pointer. |
.ai/workflow-reliability/design-review.md:90: trailing whitespace.
+| AC08 | `ResearchBinding` scoped evidence, researcher correction/acceptance ownership, explicit supersession, bound-consumer reopening; `Readiness` feeds communication. | **Covered.** Corrected claims retain history; status is derived rather than a second optimistic authority. |
.ai/workflow-reliability/design-review.md:91: trailing whitespace.
+| AC09 | Existing native/eval commands, new stdlib tests and CLI scenarios, independent per-increment verification/review, final AC reconciliation. | **Partial: DR1, DR3–DR7.** Baselines remain obligations, not new-feature evidence. Generic mutation stays 60%; eval remains 0.9 with its existing null/composite semantics. The documented cycle tightening does not lower a benchmark. |
.ai/workflow-reliability/design-review.md:92: trailing whitespace.
+
.ai/workflow-reliability/design-review.md:93: trailing whitespace.
+## Nine-point design rubric
.ai/workflow-reliability/design-review.md:94: trailing whitespace.
+
.ai/workflow-reliability/design-review.md:95: trailing whitespace.
+| Dimension | Judgment |
.ai/workflow-reliability/design-review.md:96: trailing whitespace.
+|---|---|
.ai/workflow-reliability/design-review.md:97: trailing whitespace.
+| Requirement coverage | All nine ACs mapped; partial correctness gaps above, no whole-AC omission. |
.ai/workflow-reliability/design-review.md:98: trailing whitespace.
+| SOLID / cohesion / coupling | **Revise: DR5.** Pure decisions versus persistence versus dispatch is useful, but measurement persistence must not require future guard policy. Do not expand it into unrelated workflow policy or write policing. |
.ai/workflow-reliability/design-review.md:99: trailing whitespace.
+| Right-sized pattern | **Revise.** A local locked receipt primitive is justified; redundant writable graph relations are not. Simplify DR3 rather than add an orchestration abstraction. |
.ai/workflow-reliability/design-review.md:100: trailing whitespace.
+| Interface quality | **Revise.** Exact argv/cwd and shared native result are good; the process ownership seam is insufficient for DR1. |
.ai/workflow-reliability/design-review.md:101: trailing whitespace.
+| Error / edge / failure handling | Conservative classification, stale rejection and temporal order are strong. Crash recovery and unobserved output changes remain unresolved. |
.ai/workflow-reliability/design-review.md:102: trailing whitespace.
+| Testability | **Revise: DR7.** Real subprocess sentinels and valid/invalid pairs provide falsifiable tests. Add the missing DR1 scenario to the existing bounded crash case and define host-feasible experimental blindness; do not create an evaluation framework or sandbox infrastructure. |
.ai/workflow-reliability/design-review.md:103: trailing whitespace.
+| Security & performance | Correctly disclaims authenticated independence and control of bypassed commands. Hashing/atomic replacement are reasonable for a small local ledger; DR2 must not imply sandboxing. No distributed storage or service is needed. |
.ai/workflow-reliability/design-review.md:104: trailing whitespace.
+| Grounding | **Revise: DR6.** Existing process/scorer seams were reopened; research supports the named discovery, metrics and document consumers, but not a product-wide ban requiring existing scratch runners to change. Proposed symbols are marked new. No invented host capability is necessary. |
.ai/workflow-reliability/design-review.md:105: trailing whitespace.
+| Readability | The overview and diagrams are clear. The linked contract cannot be treated as skimmable merely because the HTML is short; reduce duplicate authorities and separate essential admission rules from explanatory examples. Parent owns rendered page-count verification. |
.ai/workflow-reliability/design-review.md:106: trailing whitespace.
+
.ai/workflow-reliability/design-review.md:107: trailing whitespace.
+## Implementability and evidence limits
.ai/workflow-reliability/design-review.md:108: trailing whitespace.
+
.ai/workflow-reliability/design-review.md:109: trailing whitespace.
+Python stdlib hashing, JSON, exclusive creation and same-directory atomic replacement, plus native Node custom reporters, can implement the core without dependencies. Node 22's published `test:pass`, `test:fail` and `test:plan` contracts expose test identity, nesting, suite metadata and wrapped error causes; these support the proposed distinction between actual failures and quoted logs. This API inspection is not proof that the proposed classifier already handles every event shape. Supported-version fixtures must establish that, with unknown shapes remaining ungraded.
.ai/workflow-reliability/design-review.md:110: trailing whitespace.
+
.ai/workflow-reliability/design-review.md:111: trailing whitespace.
+Measurement honesty, guarded transition/resume, and document/experiment integration can be separable increments with independent tests **once DR5's dependency boundary is explicit**. Independent reviews and closure must apply before dependent work, not only at final ship. Available stdlib patterns do **not**, as currently specified, establish DR1's child-lifetime guarantee.
.ai/workflow-reliability/design-review.md:112: trailing whitespace.
+
.ai/workflow-reliability/design-review.md:113: trailing whitespace.
+No source/tests were changed or executed, no dependencies installed, no agents spawned, and nothing published. No unavailable analyzer, held-out experiment, fresh-agent run or historical baseline was counted as a new passing measurement. Parent dispositions and rendering are intentionally outside this review.
.ai/workflow-reliability/design.html:1: trailing whitespace.
+<!doctype html>
.ai/workflow-reliability/design.html:2: trailing whitespace.
+<html lang="en">
.ai/workflow-reliability/design.html:3: trailing whitespace.
+<head>
.ai/workflow-reliability/design.html:4: trailing whitespace.
+<meta charset="utf-8">
.ai/workflow-reliability/design.html:5: trailing whitespace.
+<meta name="viewport" content="width=device-width, initial-scale=1">
.ai/workflow-reliability/design.html:6: trailing whitespace.
+<title>Design — Workflow reliability</title>
.ai/workflow-reliability/design.html:7: trailing whitespace.
+<link rel="stylesheet" href="../assets/artifact.css">
.ai/workflow-reliability/design.html:8: trailing whitespace.
+<script src="../assets/artifact.js" defer data-doc="design.html" data-slug="workflow-reliability"></script>
.ai/workflow-reliability/design.html:9: trailing whitespace.
+</head>
.ai/workflow-reliability/design.html:10: trailing whitespace.
+<body>
.ai/workflow-reliability/design.html:11: trailing whitespace.
+<h1>Workflow reliability — Design</h1>
.ai/workflow-reliability/design.html:12: trailing whitespace.
+<div class="meta">AC01–AC09 · Base bcc971d · Revision 2 · Proposed, not implemented<br>
.ai/workflow-reliability/design.html:13: trailing whitespace.
+Inputs: <a href="state.md">scope</a>, <a href="research.md">accepted research</a>, <a href="traceability.md">traceability</a> · <a href="design-contracts.json">Complete interfaces, records and invariants</a></div>
.ai/workflow-reliability/design.html:14: trailing whitespace.
+
.ai/workflow-reliability/design.html:15: trailing whitespace.
+<h2>1. Problem &amp; scope</h2>
.ai/workflow-reliability/design.html:16: trailing whitespace.
+<p><strong>FACT:</strong> <a href="evidence/p0-reproductions.json">Parent-run, source-pinned counterexamples</a> confirm omitted ESM/CJS changes, a syntax-invalid mutant scored as a 100% kill, unavailable mutation reported pass, and stale-score reuse after failure. These are pre-fix failures, not feature passes. Workflow obligations remain prose (research E16–E18). Preserve dependency-free Python/Node CLI/docs; no application UI, framework or host API.</p>
.ai/workflow-reliability/design.html:17: trailing whitespace.
+<p class="assumption">Human approval remains unconfirmed under authorized autopilot. Accepted DR1–DR7 dispositions are in the linked contract. I1 measurement works without adoption or ledger; I2 adds guarded dispatch/resume; I3 integrates references and final proof. Separate planning owns tasks and scheduling.</p>
.ai/workflow-reliability/design.html:18: trailing whitespace.
+
.ai/workflow-reliability/design.html:19: trailing whitespace.
+<h2>2. Program design</h2>
.ai/workflow-reliability/design.html:20: trailing whitespace.
+<figure>
.ai/workflow-reliability/design.html:21: trailing whitespace.
+<svg viewBox="0 0 760 92" role="img" aria-label="Independent measurement and later guard both use evidence primitives; only workflow CLI owns admission">
.ai/workflow-reliability/design.html:22: trailing whitespace.
+<defs><marker id="module-arrow" markerWidth="9" markerHeight="9" refX="8" refY="3" orient="auto"><path d="M0,0 L0,6 L9,3 z"/></marker></defs>
.ai/workflow-reliability/design.html:23: trailing whitespace.
+<rect x="4" y="24" width="120" height="45" class="b"/><text x="64" y="43" class="t">mutate / probe</text><text x="64" y="59" class="s">standalone reports</text>
.ai/workflow-reliability/design.html:24: trailing whitespace.
+<rect x="160" y="24" width="130" height="45" class="b"/><text x="225" y="43" class="t">evidence.py</text><text x="225" y="59" class="s">hash / atomic write</text>
.ai/workflow-reliability/design.html:25: trailing whitespace.
+<rect x="326" y="24" width="130" height="45" class="b"/><text x="391" y="43" class="t">gate + state</text><text x="391" y="59" class="s">decide / persist</text>
.ai/workflow-reliability/design.html:26: trailing whitespace.
+<rect x="492" y="24" width="120" height="45" class="b"/><text x="552" y="43" class="t">workflow.py</text><text x="552" y="59" class="s">admission</text>
.ai/workflow-reliability/design.html:27: trailing whitespace.
+<rect x="646" y="24" width="110" height="45" class="b"/><text x="701" y="43" class="t">run_capture</text><text x="701" y="59" class="s">observed child</text>
.ai/workflow-reliability/design.html:28: trailing whitespace.
+<line x1="124" y1="45" x2="160" y2="45" class="a" marker-end="url(#module-arrow)"/>
.ai/workflow-reliability/design.html:29: trailing whitespace.
+<line x1="326" y1="45" x2="290" y2="45" class="a" marker-end="url(#module-arrow)"/>
.ai/workflow-reliability/design.html:30: trailing whitespace.
+<line x1="492" y1="45" x2="456" y2="45" class="a" marker-end="url(#module-arrow)"/>
.ai/workflow-reliability/design.html:31: trailing whitespace.
+<line x1="612" y1="45" x2="646" y2="45" class="a" marker-end="url(#module-arrow)"/>
.ai/workflow-reliability/design.html:32: trailing whitespace.
+</svg>
.ai/workflow-reliability/design.html:33: trailing whitespace.
+<figcaption>Arrows show use: measurement never depends on the guard.</figcaption>
.ai/workflow-reliability/design.html:34: trailing whitespace.
+</figure>
.ai/workflow-reliability/design.html:35: trailing whitespace.
+<table>
.ai/workflow-reliability/design.html:36: trailing whitespace.
+<thead><tr><th>Component / AC</th><th>As-is → proposed interface</th><th>Reuse / responsibility</th></tr></thead>
.ai/workflow-reliability/design.html:37: trailing whitespace.
+<tbody>
.ai/workflow-reliability/design.html:38: trailing whitespace.
+<tr><td>Measurement<br>01, 02, 09</td><td><code>mutate.py</code>: <code>select_test_run(repo, cwd, argv)</code>; <code>probe.py</code>: <code>assess_report(metrics, policy)</code>. Exit-only scoring → fresh, classified proof.</td><td>Extend discovery, operators, <code>judge</code>, <code>mutation_entry</code> (E01–E10). Keep collection separate from policy.</td></tr>
.ai/workflow-reliability/design.html:39: trailing whitespace.
+<tr><td>Native results<br>01, 06, 09</td><td>New <code>native_result.mjs</code>: <code>report(source)</code>, <code>parseReport(text)</code>. Shared Node reporter for mutation and <code>runTestQuality</code>.</td><td>Replace assertion-string/count heuristics (E12/E19); native test events, not a new runner.</td></tr>
.ai/workflow-reliability/design.html:40: trailing whitespace.
+<tr><td>Readiness<br>03, 05, 07, 08</td><td>New <code>workflow_gate.py</code>: <code>evaluate(contract, ledger, inputs, target)</code> → <code>Readiness</code>.</td><td>Pure decisions (E16–E18). Action/closure <code>requires</code> own edges; reverse/due/replay views are derived.</td></tr>
.ai/workflow-reliability/design.html:41: trailing whitespace.
+<tr><td>Durability<br>01–05, 07</td><td>New <code>evidence.py</code>: <code>source_snapshot</code>, <code>write_json_atomic</code>, <code>exclusive_lock</code>. Later <code>workflow_state.py</code>: <code>bind_inputs</code>, <code>append_event</code>.</td><td>Standalone file primitives first; guard-specific contract binding later. No ledger needed to emit metrics (E19).</td></tr>
.ai/workflow-reliability/design.html:42: trailing whitespace.
+<tr><td>Dispatch / status<br>01, 04, 05, 08, 09</td><td>New <code>workflow.py main(argv=None)</code>; six verbs. Extend <code>run_capture</code> with optional <code>env</code> and lifecycle <code>observe(event)</code>.</td><td>Expose actual child ownership while alive (E05); persist launch intent and observations. Unknown recovery stays blocked.</td></tr>
.ai/workflow-reliability/design.html:43: trailing whitespace.
+<tr><td>Workflow / evaluation<br>04–09</td><td>Current-design history, earlier compatibility, owned corrections, derived status; native protocol tests and separate parent-host exercises.</td><td>Wire SKILL plus delegation/testing briefs (S13), not a new host or evaluation framework.</td></tr>
.ai/workflow-reliability/design.html:44: trailing whitespace.
+</tbody>
.ai/workflow-reliability/design.html:45: trailing whitespace.
+</table>
.ai/workflow-reliability/design.html:46: trailing whitespace.
+
.ai/workflow-reliability/design.html:47: trailing whitespace.
+<h2>3. Key interactions</h2>
.ai/workflow-reliability/design.html:48: trailing whitespace.
+<figure>
.ai/workflow-reliability/design.html:49: trailing whitespace.
+<svg viewBox="0 0 760 128" role="img" aria-label="Sequence: request, locked revalidation, child execution and durable receipt; blocked requests never spawn">
.ai/workflow-reliability/design.html:50: trailing whitespace.
+<defs><marker id="flow-arrow" markerWidth="9" markerHeight="9" refX="8" refY="3" orient="auto"><path d="M0,0 L0,6 L9,3 z"/></marker></defs>
.ai/workflow-reliability/design.html:51: trailing whitespace.
+<rect x="5" y="5" width="120" height="30" class="b"/><text x="65" y="25" class="t">Caller</text>
.ai/workflow-reliability/design.html:52: trailing whitespace.
+<rect x="261" y="5" width="180" height="30" class="b"/><text x="351" y="25" class="t">Guard + ledger</text>
.ai/workflow-reliability/design.html:53: trailing whitespace.
+<rect x="604" y="5" width="145" height="30" class="b"/><text x="676" y="25" class="t">Bounded child</text>
.ai/workflow-reliability/design.html:54: trailing whitespace.
+<line x1="65" y1="52" x2="351" y2="52" class="a" marker-end="url(#flow-arrow)"/><text x="208" y="46" class="l">next(action ID)</text>
.ai/workflow-reliability/design.html:55: trailing whitespace.
+<line x1="351" y1="78" x2="65" y2="78" class="a" marker-end="url(#flow-arrow)"/><text x="207" y="72" class="l">blocked: reasons, no spawn</text>
.ai/workflow-reliability/design.html:56: trailing whitespace.
+<line x1="351" y1="98" x2="676" y2="98" class="a" marker-end="url(#flow-arrow)"/><text x="516" y="91" class="l">ready: launch intent, run argv</text>
.ai/workflow-reliability/design.html:57: trailing whitespace.
+<line x1="676" y1="121" x2="351" y2="121" class="a" marker-end="url(#flow-arrow)"/><text x="518" y="115" class="l">observe lifecycle, capture, recheck</text>
.ai/workflow-reliability/design.html:58: trailing whitespace.
+</svg>
.ai/workflow-reliability/design.html:59: trailing whitespace.
+</figure>
.ai/workflow-reliability/design.html:60: trailing whitespace.
+<p><code>python scripts\workflow.py next --slug workflow-reliability --action CHECK-ID</code> selects only registered argv/cwd. Status returns this controlled command only when ready. A working command is not completion: closing an increment additionally requires due independent verification/review and prerequisite completion.</p>
.ai/workflow-reliability/design.html:61: trailing whitespace.
+
.ai/workflow-reliability/design.html:62: trailing whitespace.
+<h2>4. Data &amp; contracts</h2>
.ai/workflow-reliability/design.html:63: trailing whitespace.
+<p><code>SourceSnapshot</code> needs no workflow. Later <code>ContractBinding</code> explicitly adds current component/check hashes. <code>workflow.json</code> owns forward edges/commands; <code>current-design.json</code> points to history; the ledger owns runtime facts. Replay/status are derived. Own generated outputs do not invalidate source proof.</p>
.ai/workflow-reliability/design.html:64: trailing whitespace.
+<p>Metric v2 separates measured regression from completeness. Unknown baseline is not greenfield; stale reports cannot become new measurements. Missing proof fails without imports, exemptions or adoption. Mutation stays 60%; eval stays 0.9. Known-greenfield cycles fail under the existing no-new-cycle rule.</p>
.ai/workflow-reliability/design.html:65: trailing whitespace.
+
.ai/workflow-reliability/design.html:66: trailing whitespace.
+<h2>5. Decisions &amp; failure behavior</h2>
.ai/workflow-reliability/design.html:67: trailing whitespace.
+<ul>
.ai/workflow-reliability/design.html:68: trailing whitespace.
+<li><strong>Explicit argv, not shell text:</strong> preserve spaces and package cwd independently of Git root. Node events must identify relevant assertions; syntax, setup, empty suites and timeouts never kill mutants. Unsupported runners remain unavailable.</li>
.ai/workflow-reliability/design.html:69: trailing whitespace.
+<li><strong>Observed ownership, not a supervisor:</strong> persist launch intent and actual child events. The spawn-to-record crash gap remains unknown; dead guard/PID age cannot unlock it. Recovery needs supported termination evidence, otherwise stays blocked.</li>
.ai/workflow-reliability/design.html:70: trailing whitespace.
+<li><strong>Observed scope, not sandbox:</strong> hashes detect only scoped input changes. Review owns scope completeness. Identity is self-declared; outside-scope writes remain unobserved. Keep owned scratch cleanup, without a product-wide OS-temp ban.</li>
.ai/workflow-reliability/design.html:71: trailing whitespace.
+<li><strong>Scoped reopening, not full reset:</strong> changed prerequisites invalidate dependent proof only. Old red/compatibility proof remains historical; retirement requires its admission before deletion, never a later backfill.</li>
.ai/workflow-reliability/design.html:72: trailing whitespace.
+<li><strong>Fail closed:</strong> blocked gate exits 1, malformed input 2, lock/recovery conflict 3. Executed children preserve exit/timeout codes and carry a separate structured outcome. Approval is not inferred from silence.</li>
.ai/workflow-reliability/design.html:73: trailing whitespace.
+</ul>
.ai/workflow-reliability/design.html:74: trailing whitespace.
+
.ai/workflow-reliability/design.html:75: trailing whitespace.
+<h2>6. Test strategy — proposed, not run</h2>
.ai/workflow-reliability/design.html:76: trailing whitespace.
+<p><strong>AC01–02:</strong> real ESM/CJS repositories without workflow artifacts; spaced argv/nested cwd; classifications and stale-report failure. <strong>AC03–05:</strong> no-spawn sentinel, forward-edge rules, live-child guard crash, uncertain spawn, recovery evidence and scoped resume. <strong>AC06–08:</strong> failure evaluations, temporal retirement, current delegated contract and research supersession. Separate fresh-agent diagnosis withholds cause/oracle from neutral inputs and records available accesses; shared storage is not isolation. Exposure or insufficient records leaves blindness unverified. <strong>AC09:</strong> independent per-increment verification/review and final native/eval regressions. Required missing proof remains incomplete, never waived.</p>
.ai/workflow-reliability/design.html:77: trailing whitespace.
+</body>
.ai/workflow-reliability/design.html:78: trailing whitespace.
+</html>
.ai/workflow-reliability/evidence/baseline-native.log:1: trailing whitespace.
+✔ baseline args disable skills and do not load the skill (1.0171ms)
.ai/workflow-reliability/evidence/baseline-native.log:2: trailing whitespace.
+✔ bulletproof args load exactly the given skill on top of an isolated base (0.0944ms)
.ai/workflow-reliability/evidence/baseline-native.log:3: trailing whitespace.
+✔ bulletproof without a skill path throws (0.2187ms)
.ai/workflow-reliability/evidence/baseline-native.log:4: trailing whitespace.
+✔ unknown arm throws (0.0947ms)
.ai/workflow-reliability/evidence/baseline-native.log:5: trailing whitespace.
+✔ both prompts point at the deliverable, SPEC, and .ts imports (0.2075ms)
.ai/workflow-reliability/evidence/baseline-native.log:6: trailing whitespace.
+✔ prompts stay neutral: no reuse/dependency/tool-choice hints that would leak trap guardrails (0.1869ms)
.ai/workflow-reliability/evidence/baseline-native.log:7: trailing whitespace.
+✔ only the bulletproof prompt invokes the workflow (0.0785ms)
.ai/workflow-reliability/evidence/baseline-native.log:8: trailing whitespace.
+✔ prepWorkspace seeds shared + SPEC and never copies the held-out oracle (9.176ms)
.ai/workflow-reliability/evidence/baseline-native.log:9: trailing whitespace.
+✔ summarize handles empty and computes mean/stddev/min/max (0.9705ms)
.ai/workflow-reliability/evidence/baseline-native.log:10: trailing whitespace.
+✔ passRate is the fraction of runs at/above the bar (0.9499ms)
.ai/workflow-reliability/evidence/baseline-native.log:11: trailing whitespace.
+✔ isConventionalCommit accepts type(scope)!: subject, rejects freeform (0.2647ms)
.ai/workflow-reliability/evidence/baseline-native.log:12: trailing whitespace.
+✔ scoreProcess: feature branch + conventional commit scores 1.0 (0.1283ms)
.ai/workflow-reliability/evidence/baseline-native.log:13: trailing whitespace.
+✔ scoreProcess: committing to main is a hard zero regardless of message (0.0691ms)
.ai/workflow-reliability/evidence/baseline-native.log:14: trailing whitespace.
+✔ scoreProcess: no commits at all scores 0 (no process followed) (0.0509ms)
.ai/workflow-reliability/evidence/baseline-native.log:15: trailing whitespace.
+✔ scoreProcess: branched but non-conventional message scores partial (0.0761ms)
.ai/workflow-reliability/evidence/baseline-native.log:16: trailing whitespace.
+✔ cappedComposite: committing to main zeroes an otherwise-perfect composite (0.0562ms)
.ai/workflow-reliability/evidence/baseline-native.log:17: trailing whitespace.
+✔ cappedComposite: leaves the composite untouched when main was not committed to (0.0689ms)
.ai/workflow-reliability/evidence/baseline-native.log:18: trailing whitespace.
+✔ cappedComposite: no process observation (dry-run) never caps (0.0775ms)
.ai/workflow-reliability/evidence/baseline-native.log:19: trailing whitespace.
+✔ generates a distinct mutant per operator site (0.9972ms)
.ai/workflow-reliability/evidence/baseline-native.log:20: trailing whitespace.
+✔ flips relational and boundary operators (0.11ms)
.ai/workflow-reliability/evidence/baseline-native.log:21: trailing whitespace.
+✔ flips boolean literals (0.0778ms)
.ai/workflow-reliability/evidence/baseline-native.log:22: trailing whitespace.
+✔ dedupes identical mutants and excludes no-ops (0.1056ms)
.ai/workflow-reliability/evidence/baseline-native.log:23: trailing whitespace.
+✔ respects the max bound (0.0894ms)
.ai/workflow-reliability/evidence/baseline-native.log:24: trailing whitespace.
+✔ does not touch ++, +=, or comment terminators (0.072ms)
.ai/workflow-reliability/evidence/baseline-native.log:25: trailing whitespace.
+✔ parseTap reads counts from a green TAP summary (2.6915ms)
.ai/workflow-reliability/evidence/baseline-native.log:26: trailing whitespace.
+✔ parseTap reads a failing summary (0.1637ms)
.ai/workflow-reliability/evidence/baseline-native.log:27: trailing whitespace.
+✔ parseTap returns zeros when the runner crashed (no summary) (0.0703ms)
.ai/workflow-reliability/evidence/baseline-native.log:28: trailing whitespace.
+✔ toDimensions maps a fully-probed arm to all-1s (0.1394ms)
.ai/workflow-reliability/evidence/baseline-native.log:29: trailing whitespace.
+✔ toDimensions returns null for unprobed dimensions (0.113ms)
.ai/workflow-reliability/evidence/baseline-native.log:30: trailing whitespace.
+✔ toDimensions scores accuracy 0 when no tests ran (0.0593ms)
.ai/workflow-reliability/evidence/baseline-native.log:31: trailing whitespace.
+✔ toDimensions flips duplication/scope/extensibility to 0 on a hit/failure (0.0676ms)
.ai/workflow-reliability/evidence/baseline-native.log:32: trailing whitespace.
+✔ toDimensions scores partial reuse as a fraction (0.0672ms)
.ai/workflow-reliability/evidence/baseline-native.log:33: trailing whitespace.
+✔ composite of a single dimension equals that dimension (0.1398ms)
.ai/workflow-reliability/evidence/baseline-native.log:34: trailing whitespace.
+✔ composite renormalizes over non-null dimensions — n/a never drags the score (0.1448ms)
.ai/workflow-reliability/evidence/baseline-native.log:35: trailing whitespace.
+✔ composite blends present dimensions by renormalized weight (0.8808ms)
.ai/workflow-reliability/evidence/baseline-native.log:36: trailing whitespace.
+✔ composite handles weights that do not sum to 1 (0.106ms)
.ai/workflow-reliability/evidence/baseline-native.log:37: trailing whitespace.
+✔ composite is 0 when every dimension is n/a (0.1046ms)
.ai/workflow-reliability/evidence/baseline-native.log:38: trailing whitespace.
+✔ composite ignores a present dimension absent from weights (pins a config footgun) (0.0724ms)
.ai/workflow-reliability/evidence/baseline-native.log:39: trailing whitespace.
+✔ hasForbiddenDep flags a forbidden name in dependencies or devDependencies (0.0976ms)
.ai/workflow-reliability/evidence/baseline-native.log:40: trailing whitespace.
+✔ hasForbiddenDep is false when no forbidden dep is declared directly (0.0636ms)
.ai/workflow-reliability/evidence/baseline-native.log:41: trailing whitespace.
+✔ hasForbiddenDep ignores absent manifest / empty name list (0.0645ms)
.ai/workflow-reliability/evidence/baseline-native.log:42: trailing whitespace.
+✔ hasE2E detects real CLI spawn / HTTP / browser driving (0.0849ms)
.ai/workflow-reliability/evidence/baseline-native.log:43: trailing whitespace.
+✔ hasE2E is false for unit-only tests, empty sources, or no patterns (0.0368ms)
.ai/workflow-reliability/evidence/baseline-native.log:44: trailing whitespace.
+✔ toDimensions surfaces e2e (1 when a matching test ships, 0 when checked but absent) (0.0583ms)
.ai/workflow-reliability/evidence/baseline-native.log:45: trailing whitespace.
+✔ testQualityScore: absent or broken arm tests are a real 0, not null (0.0349ms)
.ai/workflow-reliability/evidence/baseline-native.log:46: trailing whitespace.
+✔ testQualityScore: tests present but not runnable by the runner → 0 (distinct from no-tests) (0.0328ms)
.ai/workflow-reliability/evidence/baseline-native.log:47: trailing whitespace.
+✔ testQualityScore: kill-rate over graded mutants; skipped excluded (0.0495ms)
.ai/workflow-reliability/evidence/baseline-native.log:48: trailing whitespace.
+✔ testQualityScore: not applicable, or no valid mutants, is null (0.0424ms)
.ai/workflow-reliability/evidence/baseline-native.log:49: trailing whitespace.
+✔ toDimensions surfaces testQuality from the probe (0.0432ms)
.ai/workflow-reliability/evidence/baseline-native.log:50: trailing whitespace.
+✔ runTestQuality: bulletproof paginator kills every mutant; baseline ships no tests (4398.8333ms)
.ai/workflow-reliability/evidence/baseline-native.log:51: trailing whitespace.
+✔ runTestQuality: not applicable when the task does not opt in via quality.mutate (0.3662ms)
.ai/workflow-reliability/evidence/baseline-native.log:52: trailing whitespace.
+ℹ tests 51
.ai/workflow-reliability/evidence/baseline-native.log:53: trailing whitespace.
+ℹ suites 0
.ai/workflow-reliability/evidence/baseline-native.log:54: trailing whitespace.
+ℹ pass 51
.ai/workflow-reliability/evidence/baseline-native.log:55: trailing whitespace.
+ℹ fail 0
.ai/workflow-reliability/evidence/baseline-native.log:56: trailing whitespace.
+ℹ cancelled 0
.ai/workflow-reliability/evidence/baseline-native.log:57: trailing whitespace.
+ℹ skipped 0
.ai/workflow-reliability/evidence/baseline-native.log:58: trailing whitespace.
+ℹ todo 0
.ai/workflow-reliability/evidence/baseline-native.log:59: trailing whitespace.
+ℹ duration_ms 4596.6286
.ai/workflow-reliability/evidence/p0-reproductions.json:1: trailing whitespace.
+{
.ai/workflow-reliability/evidence/p0-reproductions.json:2: trailing whitespace.
+  "kind": "Observed pre-fix counterexamples, not passing new-feature tests",
.ai/workflow-reliability/evidence/p0-reproductions.json:3: trailing whitespace.
+  "sourceHashes": {
.ai/workflow-reliability/evidence/p0-reproductions.json:4: trailing whitespace.
+    "probe.py": "82ac3d20824cf0d40d85edbc3acae02bc278285b4f25a78f29c279164a57bfe9",
.ai/workflow-reliability/evidence/p0-reproductions.json:5: trailing whitespace.
+    "mutate.py": "0f051437d1019afa0218b8d49c48928db7b5df19b0f3ae560fc6c620cff9f7cb",
.ai/workflow-reliability/evidence/p0-reproductions.json:6: trailing whitespace.
+    "run.py": "d47399517c0d995cb5b25b4779ddc12448a554dcbc271d9b4ed32e1cc3d498f8"
.ai/workflow-reliability/evidence/p0-reproductions.json:7: trailing whitespace.
+  },
.ai/workflow-reliability/evidence/p0-reproductions.json:8: trailing whitespace.
+  "missingExtensions": {
.ai/workflow-reliability/evidence/p0-reproductions.json:9: trailing whitespace.
+    "changedTargets": {
.ai/workflow-reliability/evidence/p0-reproductions.json:10: trailing whitespace.
+      "src/value.js": [
.ai/workflow-reliability/evidence/p0-reproductions.json:11: trailing whitespace.
+        2
.ai/workflow-reliability/evidence/p0-reproductions.json:12: trailing whitespace.
+      ]
.ai/workflow-reliability/evidence/p0-reproductions.json:13: trailing whitespace.
+    },
.ai/workflow-reliability/evidence/p0-reproductions.json:14: trailing whitespace.
+    "requiredButAbsent": [
.ai/workflow-reliability/evidence/p0-reproductions.json:15: trailing whitespace.
+      ".mjs",
.ai/workflow-reliability/evidence/p0-reproductions.json:16: trailing whitespace.
+      ".cjs"
.ai/workflow-reliability/evidence/p0-reproductions.json:17: trailing whitespace.
+    ]
.ai/workflow-reliability/evidence/p0-reproductions.json:18: trailing whitespace.
+  },
.ai/workflow-reliability/evidence/p0-reproductions.json:19: trailing whitespace.
+  "syntaxCountedAsKill": {
.ai/workflow-reliability/evidence/p0-reproductions.json:20: trailing whitespace.
+    "slug": "invalid-kill",
.ai/workflow-reliability/evidence/p0-reproductions.json:21: trailing whitespace.
+    "base": "dd348159d96e",
.ai/workflow-reliability/evidence/p0-reproductions.json:22: trailing whitespace.
+    "head": "7a447d1",
.ai/workflow-reliability/evidence/p0-reproductions.json:23: trailing whitespace.
+    "generated": "2026-09-16T17:15:13+00:00",
.ai/workflow-reliability/evidence/p0-reproductions.json:24: trailing whitespace.
+    "test_cmd": "node.EXE --test --test-reporter=tap test/check.test.mjs",
.ai/workflow-reliability/evidence/p0-reproductions.json:25: trailing whitespace.
+    "score_pct": 100.0,
.ai/workflow-reliability/evidence/p0-reproductions.json:26: trailing whitespace.
+    "killed": 1,
.ai/workflow-reliability/evidence/p0-reproductions.json:27: trailing whitespace.
+    "survived": 0,
.ai/workflow-reliability/evidence/p0-reproductions.json:28: trailing whitespace.
+    "total": 1,
.ai/workflow-reliability/evidence/p0-reproductions.json:29: trailing whitespace.
+    "timeouts": 0,
.ai/workflow-reliability/evidence/p0-reproductions.json:30: trailing whitespace.
+    "survivors": []
.ai/workflow-reliability/evidence/p0-reproductions.json:31: trailing whitespace.
+  },
.ai/workflow-reliability/evidence/p0-reproductions.json:32: trailing whitespace.
+  "incompleteReportedPass": {
.ai/workflow-reliability/evidence/p0-reproductions.json:33: trailing whitespace.
+    "slug": "incomplete-pass",
.ai/workflow-reliability/evidence/p0-reproductions.json:34: trailing whitespace.
+    "base": "HEAD",
.ai/workflow-reliability/evidence/p0-reproductions.json:35: trailing whitespace.
+    "merge_base": "7a447d14b401",
.ai/workflow-reliability/evidence/p0-reproductions.json:36: trailing whitespace.
+    "head": "7a447d1",
.ai/workflow-reliability/evidence/p0-reproductions.json:37: trailing whitespace.
+    "generated": "2026-09-16T17:15:20+00:00",
.ai/workflow-reliability/evidence/p0-reproductions.json:38: trailing whitespace.
+    "project": "general",
.ai/workflow-reliability/evidence/p0-reproductions.json:39: trailing whitespace.
+    "baseline": "greenfield",
.ai/workflow-reliability/evidence/p0-reproductions.json:40: trailing whitespace.
+    "verdict": "pass",
.ai/workflow-reliability/evidence/p0-reproductions.json:41: trailing whitespace.
+    "worst_status": "ok",
.ai/workflow-reliability/evidence/p0-reproductions.json:42: trailing whitespace.
+    "metrics": {
.ai/workflow-reliability/evidence/p0-reproductions.json:43: trailing whitespace.
+      "diff_files": {
.ai/workflow-reliability/evidence/p0-reproductions.json:44: trailing whitespace.
+        "head": 0
.ai/workflow-reliability/evidence/p0-reproductions.json:45: trailing whitespace.
+      },
.ai/workflow-reliability/evidence/p0-reproductions.json:46: trailing whitespace.
+      "diff_lines": {
.ai/workflow-reliability/evidence/p0-reproductions.json:47: trailing whitespace.
+        "head": 0
.ai/workflow-reliability/evidence/p0-reproductions.json:48: trailing whitespace.
+      }
.ai/workflow-reliability/evidence/p0-reproductions.json:49: trailing whitespace.
+    },
.ai/workflow-reliability/evidence/p0-reproductions.json:50: trailing whitespace.
+    "unavailable": [
.ai/workflow-reliability/evidence/p0-reproductions.json:51: trailing whitespace.
+      "duplication_pct",
.ai/workflow-reliability/evidence/p0-reproductions.json:52: trailing whitespace.
+      "complexity_max",
.ai/workflow-reliability/evidence/p0-reproductions.json:53: trailing whitespace.
+      "complexity_avg",
.ai/workflow-reliability/evidence/p0-reproductions.json:54: trailing whitespace.
+      "cycles",
.ai/workflow-reliability/evidence/p0-reproductions.json:55: trailing whitespace.
+      "dead_exports",
.ai/workflow-reliability/evidence/p0-reproductions.json:56: trailing whitespace.
+      "static_findings",
.ai/workflow-reliability/evidence/p0-reproductions.json:57: trailing whitespace.
+      "mutation_score_pct"
.ai/workflow-reliability/evidence/p0-reproductions.json:58: trailing whitespace.
+    ],
.ai/workflow-reliability/evidence/p0-reproductions.json:59: trailing whitespace.
+    "tools": {}
.ai/workflow-reliability/evidence/p0-reproductions.json:60: trailing whitespace.
+  },
.ai/workflow-reliability/evidence/p0-reproductions.json:61: trailing whitespace.
+  "staleReportAcceptedAfterDirtyRunFailure": {
.ai/workflow-reliability/evidence/p0-reproductions.json:62: trailing whitespace.
+    "head": 100,
.ai/workflow-reliability/evidence/p0-reproductions.json:63: trailing whitespace.
+    "threshold": 60.0,
.ai/workflow-reliability/evidence/p0-reproductions.json:64: trailing whitespace.
+    "status": "ok",
.ai/workflow-reliability/evidence/p0-reproductions.json:65: trailing whitespace.
+    "survivors": 0,
.ai/workflow-reliability/evidence/p0-reproductions.json:66: trailing whitespace.
+    "detail": ".ai/stale/mutation.json"
.ai/workflow-reliability/evidence/p0-reproductions.json:67: trailing whitespace.
+  },
.ai/workflow-reliability/evidence/p0-reproductions.json:68: trailing whitespace.
+  "commands": [
.ai/workflow-reliability/evidence/p0-reproductions.json:69: trailing whitespace.
+    {
.ai/workflow-reliability/evidence/p0-reproductions.json:70: trailing whitespace.
+      "argv": [
.ai/workflow-reliability/evidence/p0-reproductions.json:71: trailing whitespace.
+        "git",
.ai/workflow-reliability/evidence/p0-reproductions.json:72: trailing whitespace.
+        "init",
.ai/workflow-reliability/evidence/p0-reproductions.json:73: trailing whitespace.
+        "--quiet"
.ai/workflow-reliability/evidence/p0-reproductions.json:74: trailing whitespace.
+      ],
.ai/workflow-reliability/evidence/p0-reproductions.json:75: trailing whitespace.
+      "cwd": "C:\\Users\\shbs\\.copilot\\session-state\\c154cbfc-3b1d-4163-b8dd-5f0b43af3095\\files\\workflow-reliability\\p0-reproduction-49qw2mjq\\project",
.ai/workflow-reliability/evidence/p0-reproductions.json:76: trailing whitespace.
+      "code": 0,
.ai/workflow-reliability/evidence/p0-reproductions.json:77: trailing whitespace.
+      "stdout": "",
.ai/workflow-reliability/evidence/p0-reproductions.json:78: trailing whitespace.
+      "stderr": ""
.ai/workflow-reliability/evidence/p0-reproductions.json:79: trailing whitespace.
+    },
.ai/workflow-reliability/evidence/p0-reproductions.json:80: trailing whitespace.
+    {
.ai/workflow-reliability/evidence/p0-reproductions.json:81: trailing whitespace.
+      "argv": [
.ai/workflow-reliability/evidence/p0-reproductions.json:82: trailing whitespace.
+        "git",
.ai/workflow-reliability/evidence/p0-reproductions.json:83: trailing whitespace.
+        "config",
.ai/workflow-reliability/evidence/p0-reproductions.json:84: trailing whitespace.
+        "user.name",
.ai/workflow-reliability/evidence/p0-reproductions.json:85: trailing whitespace.
+        "Owned test fixture"
.ai/workflow-reliability/evidence/p0-reproductions.json:86: trailing whitespace.
+      ],
.ai/workflow-reliability/evidence/p0-reproductions.json:87: trailing whitespace.
+      "cwd": "C:\\Users\\shbs\\.copilot\\session-state\\c154cbfc-3b1d-4163-b8dd-5f0b43af3095\\files\\workflow-reliability\\p0-reproduction-49qw2mjq\\project",
.ai/workflow-reliability/evidence/p0-reproductions.json:88: trailing whitespace.
+      "code": 0,
.ai/workflow-reliability/evidence/p0-reproductions.json:89: trailing whitespace.
+      "stdout": "",
.ai/workflow-reliability/evidence/p0-reproductions.json:90: trailing whitespace.
+      "stderr": ""
.ai/workflow-reliability/evidence/p0-reproductions.json:91: trailing whitespace.
+    },
.ai/workflow-reliability/evidence/p0-reproductions.json:92: trailing whitespace.
+    {
.ai/workflow-reliability/evidence/p0-reproductions.json:93: trailing whitespace.
+      "argv": [
.ai/workflow-reliability/evidence/p0-reproductions.json:94: trailing whitespace.
+        "git",
.ai/workflow-reliability/evidence/p0-reproductions.json:95: trailing whitespace.
+        "config",
.ai/workflow-reliability/evidence/p0-reproductions.json:96: trailing whitespace.
+        "user.email",
.ai/workflow-reliability/evidence/p0-reproductions.json:97: trailing whitespace.
+        "fixture@example.invalid"
.ai/workflow-reliability/evidence/p0-reproductions.json:98: trailing whitespace.
+      ],
.ai/workflow-reliability/evidence/p0-reproductions.json:99: trailing whitespace.
+      "cwd": "C:\\Users\\shbs\\.copilot\\session-state\\c154cbfc-3b1d-4163-b8dd-5f0b43af3095\\files\\workflow-reliability\\p0-reproduction-49qw2mjq\\project",
.ai/workflow-reliability/evidence/p0-reproductions.json:100: trailing whitespace.
+      "code": 0,
.ai/workflow-reliability/evidence/p0-reproductions.json:101: trailing whitespace.
+      "stdout": "",
.ai/workflow-reliability/evidence/p0-reproductions.json:102: trailing whitespace.
+      "stderr": ""
.ai/workflow-reliability/evidence/p0-reproductions.json:103: trailing whitespace.
+    },
.ai/workflow-reliability/evidence/p0-reproductions.json:104: trailing whitespace.
+    {
.ai/workflow-reliability/evidence/p0-reproductions.json:105: trailing whitespace.
+      "argv": [
.ai/workflow-reliability/evidence/p0-reproductions.json:106: trailing whitespace.
+        "git",
.ai/workflow-reliability/evidence/p0-reproductions.json:107: trailing whitespace.
+        "add",
.ai/workflow-reliability/evidence/p0-reproductions.json:108: trailing whitespace.
+        "."
.ai/workflow-reliability/evidence/p0-reproductions.json:109: trailing whitespace.
+      ],
.ai/workflow-reliability/evidence/p0-reproductions.json:110: trailing whitespace.
+      "cwd": "C:\\Users\\shbs\\.copilot\\session-state\\c154cbfc-3b1d-4163-b8dd-5f0b43af3095\\files\\workflow-reliability\\p0-reproduction-49qw2mjq\\project",
.ai/workflow-reliability/evidence/p0-reproductions.json:111: trailing whitespace.
+      "code": 0,
.ai/workflow-reliability/evidence/p0-reproductions.json:112: trailing whitespace.
+      "stdout": "",
.ai/workflow-reliability/evidence/p0-reproductions.json:113: trailing whitespace.
+      "stderr": ""
.ai/workflow-reliability/evidence/p0-reproductions.json:114: trailing whitespace.
+    },
.ai/workflow-reliability/evidence/p0-reproductions.json:115: trailing whitespace.
+    {
.ai/workflow-reliability/evidence/p0-reproductions.json:116: trailing whitespace.
+      "argv": [
.ai/workflow-reliability/evidence/p0-reproductions.json:117: trailing whitespace.
+        "git",
.ai/workflow-reliability/evidence/p0-reproductions.json:118: trailing whitespace.
+        "commit",
.ai/workflow-reliability/evidence/p0-reproductions.json:119: trailing whitespace.
+        "--quiet",
.ai/workflow-reliability/evidence/p0-reproductions.json:120: trailing whitespace.
+        "-m",
.ai/workflow-reliability/evidence/p0-reproductions.json:121: trailing whitespace.
+        "Seed fixture"
.ai/workflow-reliability/evidence/p0-reproductions.json:122: trailing whitespace.
+      ],
.ai/workflow-reliability/evidence/p0-reproductions.json:123: trailing whitespace.
+      "cwd": "C:\\Users\\shbs\\.copilot\\session-state\\c154cbfc-3b1d-4163-b8dd-5f0b43af3095\\files\\workflow-reliability\\p0-reproduction-49qw2mjq\\project",
.ai/workflow-reliability/evidence/p0-reproductions.json:124: trailing whitespace.
+      "code": 0,
.ai/workflow-reliability/evidence/p0-reproductions.json:125: trailing whitespace.
+      "stdout": "",
.ai/workflow-reliability/evidence/p0-reproductions.json:126: trailing whitespace.
+      "stderr": ""
.ai/workflow-reliability/evidence/p0-reproductions.json:127: trailing whitespace.
+    },
.ai/workflow-reliability/evidence/p0-reproductions.json:128: trailing whitespace.
+    {
.ai/workflow-reliability/evidence/p0-reproductions.json:129: trailing whitespace.
+      "argv": [
.ai/workflow-reliability/evidence/p0-reproductions.json:130: trailing whitespace.
+        "git",
.ai/workflow-reliability/evidence/p0-reproductions.json:131: trailing whitespace.
+        "rev-parse",
.ai/workflow-reliability/evidence/p0-reproductions.json:132: trailing whitespace.
+        "HEAD"
.ai/workflow-reliability/evidence/p0-reproductions.json:133: trailing whitespace.
+      ],
.ai/workflow-reliability/evidence/p0-reproductions.json:134: trailing whitespace.
+      "cwd": "C:\\Users\\shbs\\.copilot\\session-state\\c154cbfc-3b1d-4163-b8dd-5f0b43af3095\\files\\workflow-reliability\\p0-reproduction-49qw2mjq\\project",
.ai/workflow-reliability/evidence/p0-reproductions.json:135: trailing whitespace.
+      "code": 0,
.ai/workflow-reliability/evidence/p0-reproductions.json:136: trailing whitespace.
+      "stdout": "dd348159d96e5ec20a1136f7d9d9de8f730bb522\n",
.ai/workflow-reliability/evidence/p0-reproductions.json:137: trailing whitespace.
+      "stderr": ""
.ai/workflow-reliability/evidence/p0-reproductions.json:138: trailing whitespace.
+    },
.ai/workflow-reliability/evidence/p0-reproductions.json:139: trailing whitespace.
+    {
.ai/workflow-reliability/evidence/p0-reproductions.json:140: trailing whitespace.
+      "argv": [
.ai/workflow-reliability/evidence/p0-reproductions.json:141: trailing whitespace.
+        "git",
.ai/workflow-reliability/evidence/p0-reproductions.json:142: trailing whitespace.
+        "add",
.ai/workflow-reliability/evidence/p0-reproductions.json:143: trailing whitespace.
+        "."
.ai/workflow-reliability/evidence/p0-reproductions.json:144: trailing whitespace.
+      ],
.ai/workflow-reliability/evidence/p0-reproductions.json:145: trailing whitespace.
+      "cwd": "C:\\Users\\shbs\\.copilot\\session-state\\c154cbfc-3b1d-4163-b8dd-5f0b43af3095\\files\\workflow-reliability\\p0-reproduction-49qw2mjq\\project",
.ai/workflow-reliability/evidence/p0-reproductions.json:146: trailing whitespace.
+      "code": 0,
.ai/workflow-reliability/evidence/p0-reproductions.json:147: trailing whitespace.
+      "stdout": "",
.ai/workflow-reliability/evidence/p0-reproductions.json:148: trailing whitespace.
+      "stderr": ""
.ai/workflow-reliability/evidence/p0-reproductions.json:149: trailing whitespace.
+    },
.ai/workflow-reliability/evidence/p0-reproductions.json:150: trailing whitespace.
+    {
.ai/workflow-reliability/evidence/p0-reproductions.json:151: trailing whitespace.
+      "argv": [
.ai/workflow-reliability/evidence/p0-reproductions.json:152: trailing whitespace.
+        "git",
.ai/workflow-reliability/evidence/p0-reproductions.json:153: trailing whitespace.
+        "commit",
.ai/workflow-reliability/evidence/p0-reproductions.json:154: trailing whitespace.
+        "--quiet",
.ai/workflow-reliability/evidence/p0-reproductions.json:155: trailing whitespace.
+        "-m",
.ai/workflow-reliability/evidence/p0-reproductions.json:156: trailing whitespace.
+        "Add executable changes"
.ai/workflow-reliability/evidence/p0-reproductions.json:157: trailing whitespace.
+      ],
.ai/workflow-reliability/evidence/p0-reproductions.json:158: trailing whitespace.
+      "cwd": "C:\\Users\\shbs\\.copilot\\session-state\\c154cbfc-3b1d-4163-b8dd-5f0b43af3095\\files\\workflow-reliability\\p0-reproduction-49qw2mjq\\project",
.ai/workflow-reliability/evidence/p0-reproductions.json:159: trailing whitespace.
+      "code": 0,
.ai/workflow-reliability/evidence/p0-reproductions.json:160: trailing whitespace.
+      "stdout": "",
.ai/workflow-reliability/evidence/p0-reproductions.json:161: trailing whitespace.
+      "stderr": ""
.ai/workflow-reliability/evidence/p0-reproductions.json:162: trailing whitespace.
+    },
.ai/workflow-reliability/evidence/p0-reproductions.json:163: trailing whitespace.
+    {
.ai/workflow-reliability/evidence/p0-reproductions.json:164: trailing whitespace.
+      "argv": [
.ai/workflow-reliability/evidence/p0-reproductions.json:165: trailing whitespace.
+        "node",
.ai/workflow-reliability/evidence/p0-reproductions.json:166: trailing whitespace.
+        "--check",
.ai/workflow-reliability/evidence/p0-reproductions.json:167: trailing whitespace.
+        "C:\\Users\\shbs\\.copilot\\session-state\\c154cbfc-3b1d-4163-b8dd-5f0b43af3095\\files\\workflow-reliability\\p0-reproduction-49qw2mjq\\invalid.mjs"
.ai/workflow-reliability/evidence/p0-reproductions.json:168: trailing whitespace.
+      ],
.ai/workflow-reliability/evidence/p0-reproductions.json:169: trailing whitespace.
+      "cwd": "C:\\Users\\shbs\\.copilot\\session-state\\c154cbfc-3b1d-4163-b8dd-5f0b43af3095\\files\\workflow-reliability\\p0-reproduction-49qw2mjq\\project",
.ai/workflow-reliability/evidence/p0-reproductions.json:170: trailing whitespace.
+      "code": 1,
.ai/workflow-reliability/evidence/p0-reproductions.json:171: trailing whitespace.
+      "stdout": "",
.ai/workflow-reliability/evidence/p0-reproductions.json:172: trailing whitespace.
+      "stderr": "C:\\Users\\shbs\\.copilot\\session-state\\c154cbfc-3b1d-4163-b8dd-5f0b43af3095\\files\\workflow-reliability\\p0-reproduction-49qw2mjq\\invalid.mjs:2\nexport const positive = x =< x > 0;\n                           ^\n\nSyntaxError: Unexpected token '<'\n    at checkSyntax (node:internal/main/check_syntax:72:5)\n\nNode.js v24.11.1\n"
.ai/workflow-reliability/evidence/p0-reproductions.json:173: trailing whitespace.
+    },
.ai/workflow-reliability/evidence/p0-reproductions.json:174: trailing whitespace.
+    {
.ai/workflow-reliability/evidence/p0-reproductions.json:175: trailing whitespace.
+      "argv": [
.ai/workflow-reliability/evidence/p0-reproductions.json:176: trailing whitespace.
+        "C:\\Users\\shbs\\AppData\\Roaming\\uv\\python\\cpython-3.14.2-windows-x86_64-none\\python.exe",
.ai/workflow-reliability/evidence/p0-reproductions.json:177: trailing whitespace.
+        "C:\\Users\\shbs\\.copilot\\repos\\copilot-worktrees\\bulletproof\\shbs-microsoft-crispy-system\\scripts\\mutate.py",
.ai/workflow-reliability/evidence/p0-reproductions.json:178: trailing whitespace.
+        "--repo",
.ai/workflow-reliability/evidence/p0-reproductions.json:179: trailing whitespace.
+        "C:\\Users\\shbs\\.copilot\\session-state\\c154cbfc-3b1d-4163-b8dd-5f0b43af3095\\files\\workflow-reliability\\p0-reproduction-49qw2mjq\\project",
.ai/workflow-reliability/evidence/p0-reproductions.json:180: trailing whitespace.
+        "--base",
.ai/workflow-reliability/evidence/p0-reproductions.json:181: trailing whitespace.
+        "dd348159d96e5ec20a1136f7d9d9de8f730bb522",
.ai/workflow-reliability/evidence/p0-reproductions.json:182: trailing whitespace.
+        "--slug",
.ai/workflow-reliability/evidence/p0-reproductions.json:183: trailing whitespace.
+        "invalid-kill",
.ai/workflow-reliability/evidence/p0-reproductions.json:184: trailing whitespace.
+        "--max-mutants",
.ai/workflow-reliability/evidence/p0-reproductions.json:185: trailing whitespace.
+        "1",
.ai/workflow-reliability/evidence/p0-reproductions.json:186: trailing whitespace.
+        "--test-cmd",
.ai/workflow-reliability/evidence/p0-reproductions.json:187: trailing whitespace.
+        "node --test --test-reporter=tap test/check.test.mjs"
.ai/workflow-reliability/evidence/p0-reproductions.json:188: trailing whitespace.
+      ],
.ai/workflow-reliability/evidence/p0-reproductions.json:189: trailing whitespace.
+      "cwd": "C:\\Users\\shbs\\.copilot\\session-state\\c154cbfc-3b1d-4163-b8dd-5f0b43af3095\\files\\workflow-reliability\\p0-reproduction-49qw2mjq\\project",
.ai/workflow-reliability/evidence/p0-reproductions.json:190: trailing whitespace.
+      "code": 0,
.ai/workflow-reliability/evidence/p0-reproductions.json:191: trailing whitespace.
+      "stdout": "{\n  \"slug\": \"invalid-kill\",\n  \"base\": \"dd348159d96e\",\n  \"head\": \"7a447d1\",\n  \"generated\": \"2026-09-16T17:15:13+00:00\",\n  \"test_cmd\": \"node.EXE --test --test-reporter=tap test/check.test.mjs\",\n  \"score_pct\": 100.0,\n  \"killed\": 1,\n  \"survived\": 0,\n  \"total\": 1,\n  \"timeouts\": 0,\n  \"survivors\": []\n}\n",
.ai/workflow-reliability/evidence/p0-reproductions.json:192: trailing whitespace.
+      "stderr": "mutate: verifying the suite is green ...\nmutate: 1 mutants across 1 files (~1s each)\nmutate: [1/1] src/value.js:2 comparison > -> < -> killed\n\nmutate: wrote C:/Users/shbs/.copilot/session-state/c154cbfc-3b1d-4163-b8dd-5f0b43af3095/files/workflow-reliability/p0-reproduction-49qw2mjq/project\\.ai\\invalid-kill\\mutation.json\n"
.ai/workflow-reliability/evidence/p0-reproductions.json:193: trailing whitespace.
+    },
.ai/workflow-reliability/evidence/p0-reproductions.json:194: trailing whitespace.
+    {
.ai/workflow-reliability/evidence/p0-reproductions.json:195: trailing whitespace.
+      "argv": [
.ai/workflow-reliability/evidence/p0-reproductions.json:196: trailing whitespace.
+        "C:\\Users\\shbs\\AppData\\Roaming\\uv\\python\\cpython-3.14.2-windows-x86_64-none\\python.exe",
.ai/workflow-reliability/evidence/p0-reproductions.json:197: trailing whitespace.
+        "C:\\Users\\shbs\\.copilot\\repos\\copilot-worktrees\\bulletproof\\shbs-microsoft-crispy-system\\scripts\\probe.py",
.ai/workflow-reliability/evidence/p0-reproductions.json:198: trailing whitespace.
+        "--base",
.ai/workflow-reliability/evidence/p0-reproductions.json:199: trailing whitespace.
+        "HEAD",
.ai/workflow-reliability/evidence/p0-reproductions.json:200: trailing whitespace.
+        "--slug",
.ai/workflow-reliability/evidence/p0-reproductions.json:201: trailing whitespace.
+        "incomplete-pass",
.ai/workflow-reliability/evidence/p0-reproductions.json:202: trailing whitespace.
+        "--skip-mutation"
.ai/workflow-reliability/evidence/p0-reproductions.json:203: trailing whitespace.
+      ],
.ai/workflow-reliability/evidence/p0-reproductions.json:204: trailing whitespace.
+      "cwd": "C:\\Users\\shbs\\.copilot\\session-state\\c154cbfc-3b1d-4163-b8dd-5f0b43af3095\\files\\workflow-reliability\\p0-reproduction-49qw2mjq\\project",
.ai/workflow-reliability/evidence/p0-reproductions.json:205: trailing whitespace.
+      "code": 0,
.ai/workflow-reliability/evidence/p0-reproductions.json:206: trailing whitespace.
+      "stdout": "{\n  \"slug\": \"incomplete-pass\",\n  \"base\": \"HEAD\",\n  \"merge_base\": \"7a447d14b401\",\n  \"head\": \"7a447d1\",\n  \"generated\": \"2026-09-16T17:15:20+00:00\",\n  \"project\": \"general\",\n  \"baseline\": \"greenfield\",\n  \"verdict\": \"pass\",\n  \"worst_status\": \"ok\",\n  \"metrics\": {\n    \"diff_files\": {\n      \"head\": 0\n    },\n    \"diff_lines\": {\n      \"head\": 0\n    }\n  },\n  \"unavailable\": [\n    \"duplication_pct\",\n    \"complexity_max\",\n    \"complexity_avg\",\n    \"cycles\",\n    \"dead_exports\",\n    \"static_findings\",\n    \"mutation_score_pct\"\n  ],\n  \"tools\": {}\n}\n",
.ai/workflow-reliability/evidence/p0-reproductions.json:207: trailing whitespace.
+      "stderr": "probe: measuring working tree ...\nprobe: measuring baseline 7a447d14 ...\nprobe: baseline has no meaningful code (1 files) \u2014 judging greenfield work against absolute limits, not deltas\n\nprobe: wrote C:/Users/shbs/.copilot/session-state/c154cbfc-3b1d-4163-b8dd-5f0b43af3095/files/workflow-reliability/p0-reproduction-49qw2mjq/project\\.ai\\incomplete-pass\\metrics.json\nprobe: unavailable (install the tool or report honestly): duplication_pct, complexity_max, complexity_avg, cycles, dead_exports, static_findings, mutation_score_pct\n"
.ai/workflow-reliability/evidence/p0-reproductions.json:208: trailing whitespace.
+    }
.ai/workflow-reliability/evidence/p0-reproductions.json:209: trailing whitespace.
+  ]
.ai/workflow-reliability/evidence/p0-reproductions.json:210: trailing whitespace.
+}
.ai/workflow-reliability/evidence/reproduce-p0.py:1: trailing whitespace.
+"""Capture actual pre-fix failures in an owned disposable repository."""
.ai/workflow-reliability/evidence/reproduce-p0.py:2: trailing whitespace.
+import hashlib
.ai/workflow-reliability/evidence/reproduce-p0.py:3: trailing whitespace.
+import json
.ai/workflow-reliability/evidence/reproduce-p0.py:4: trailing whitespace.
+from pathlib import Path
.ai/workflow-reliability/evidence/reproduce-p0.py:5: trailing whitespace.
+import sys
.ai/workflow-reliability/evidence/reproduce-p0.py:6: trailing whitespace.
+import tempfile
.ai/workflow-reliability/evidence/reproduce-p0.py:7: trailing whitespace.
+
.ai/workflow-reliability/evidence/reproduce-p0.py:8: trailing whitespace.
+sys.dont_write_bytecode = True
.ai/workflow-reliability/evidence/reproduce-p0.py:9: trailing whitespace.
+root = Path.cwd()
.ai/workflow-reliability/evidence/reproduce-p0.py:10: trailing whitespace.
+sys.path.insert(0, str(root / "scripts"))
.ai/workflow-reliability/evidence/reproduce-p0.py:11: trailing whitespace.
+import mutate
.ai/workflow-reliability/evidence/reproduce-p0.py:12: trailing whitespace.
+import probe
.ai/workflow-reliability/evidence/reproduce-p0.py:13: trailing whitespace.
+from run import run_capture
.ai/workflow-reliability/evidence/reproduce-p0.py:14: trailing whitespace.
+
.ai/workflow-reliability/evidence/reproduce-p0.py:15: trailing whitespace.
+records = []
.ai/workflow-reliability/evidence/reproduce-p0.py:16: trailing whitespace.
+
.ai/workflow-reliability/evidence/reproduce-p0.py:17: trailing whitespace.
+
.ai/workflow-reliability/evidence/reproduce-p0.py:18: trailing whitespace.
+def command(args, cwd, expected=0):
.ai/workflow-reliability/evidence/reproduce-p0.py:19: trailing whitespace.
+    code, stdout, stderr = run_capture(args, cwd=str(cwd), idle=30, max_total=90)
.ai/workflow-reliability/evidence/reproduce-p0.py:20: trailing whitespace.
+    records.append({"argv": args, "cwd": str(cwd), "code": code,
.ai/workflow-reliability/evidence/reproduce-p0.py:21: trailing whitespace.
+                    "stdout": stdout, "stderr": stderr})
.ai/workflow-reliability/evidence/reproduce-p0.py:22: trailing whitespace.
+    if expected is not None:
.ai/workflow-reliability/evidence/reproduce-p0.py:23: trailing whitespace.
+        assert code == expected, records[-1]
.ai/workflow-reliability/evidence/reproduce-p0.py:24: trailing whitespace.
+    return code, stdout, stderr
.ai/workflow-reliability/evidence/reproduce-p0.py:25: trailing whitespace.
+
.ai/workflow-reliability/evidence/reproduce-p0.py:26: trailing whitespace.
+
.ai/workflow-reliability/evidence/reproduce-p0.py:27: trailing whitespace.
+with tempfile.TemporaryDirectory(prefix="p0-reproduction-", dir=Path(__file__).parent) as scratch:
.ai/workflow-reliability/evidence/reproduce-p0.py:28: trailing whitespace.
+    owned = Path(scratch)
.ai/workflow-reliability/evidence/reproduce-p0.py:29: trailing whitespace.
+    project = owned / "project"
.ai/workflow-reliability/evidence/reproduce-p0.py:30: trailing whitespace.
+    project.mkdir()
.ai/workflow-reliability/evidence/reproduce-p0.py:31: trailing whitespace.
+    (project / "src").mkdir()
.ai/workflow-reliability/evidence/reproduce-p0.py:32: trailing whitespace.
+    (project / "test").mkdir()
.ai/workflow-reliability/evidence/reproduce-p0.py:33: trailing whitespace.
+    (project / ".gitignore").write_text(".ai/\n", encoding="utf-8")
.ai/workflow-reliability/evidence/reproduce-p0.py:34: trailing whitespace.
+    (project / "package.json").write_text('{"type":"module"}\n', encoding="utf-8")
.ai/workflow-reliability/evidence/reproduce-p0.py:35: trailing whitespace.
+    for extension in ("js", "mjs", "cjs"):
.ai/workflow-reliability/evidence/reproduce-p0.py:36: trailing whitespace.
+        text = "module.exports.value = 1;\n" if extension == "cjs" else "export const value = 1;\n"
.ai/workflow-reliability/evidence/reproduce-p0.py:37: trailing whitespace.
+        (project / "src" / ("value." + extension)).write_text(text, encoding="utf-8")
.ai/workflow-reliability/evidence/reproduce-p0.py:38: trailing whitespace.
+    (project / "test" / "check.test.mjs").write_text(
.ai/workflow-reliability/evidence/reproduce-p0.py:39: trailing whitespace.
+        "import test from 'node:test';\nimport assert from 'node:assert/strict';\n"
.ai/workflow-reliability/evidence/reproduce-p0.py:40: trailing whitespace.
+        "import { value } from '../src/value.js';\n"
.ai/workflow-reliability/evidence/reproduce-p0.py:41: trailing whitespace.
+        "test('value is one', () => assert.equal(value, 1));\n", encoding="utf-8")
.ai/workflow-reliability/evidence/reproduce-p0.py:42: trailing whitespace.
+    command(["git", "init", "--quiet"], project)
.ai/workflow-reliability/evidence/reproduce-p0.py:43: trailing whitespace.
+    command(["git", "config", "user.name", "Owned test fixture"], project)
.ai/workflow-reliability/evidence/reproduce-p0.py:44: trailing whitespace.
+    command(["git", "config", "user.email", "fixture@example.invalid"], project)
.ai/workflow-reliability/evidence/reproduce-p0.py:45: trailing whitespace.
+    command(["git", "add", "."], project)
.ai/workflow-reliability/evidence/reproduce-p0.py:46: trailing whitespace.
+    command(["git", "commit", "--quiet", "-m", "Seed fixture"], project)
.ai/workflow-reliability/evidence/reproduce-p0.py:47: trailing whitespace.
+    _, base, _ = command(["git", "rev-parse", "HEAD"], project)
.ai/workflow-reliability/evidence/reproduce-p0.py:48: trailing whitespace.
+    base = base.strip()
.ai/workflow-reliability/evidence/reproduce-p0.py:49: trailing whitespace.
+    for extension in ("js", "mjs", "cjs"):
.ai/workflow-reliability/evidence/reproduce-p0.py:50: trailing whitespace.
+        path = project / "src" / ("value." + extension)
.ai/workflow-reliability/evidence/reproduce-p0.py:51: trailing whitespace.
+        extra = "module.exports.positive = x => x > 0;\n" if extension == "cjs" else "export const positive = x => x > 0;\n"
.ai/workflow-reliability/evidence/reproduce-p0.py:52: trailing whitespace.
+        path.write_text(path.read_text(encoding="utf-8") + extra, encoding="utf-8")
.ai/workflow-reliability/evidence/reproduce-p0.py:53: trailing whitespace.
+    command(["git", "add", "."], project)
.ai/workflow-reliability/evidence/reproduce-p0.py:54: trailing whitespace.
+    command(["git", "commit", "--quiet", "-m", "Add executable changes"], project)
.ai/workflow-reliability/evidence/reproduce-p0.py:55: trailing whitespace.
+
.ai/workflow-reliability/evidence/reproduce-p0.py:56: trailing whitespace.
+    targets = mutate.changed_lines(str(project), base)
.ai/workflow-reliability/evidence/reproduce-p0.py:57: trailing whitespace.
+    assert "src/value.js" in targets and "src/value.mjs" not in targets and "src/value.cjs" not in targets, targets
.ai/workflow-reliability/evidence/reproduce-p0.py:58: trailing whitespace.
+    discovered = probe.code_files(str(project))
.ai/workflow-reliability/evidence/reproduce-p0.py:59: trailing whitespace.
+    assert not any(str(path).endswith((".mjs", ".cjs")) for path in discovered)
.ai/workflow-reliability/evidence/reproduce-p0.py:60: trailing whitespace.
+    candidates = mutate.build_mutants(str(project), targets, 1)
.ai/workflow-reliability/evidence/reproduce-p0.py:61: trailing whitespace.
+    assert len(candidates) == 1, candidates
.ai/workflow-reliability/evidence/reproduce-p0.py:62: trailing whitespace.
+    mutation = candidates[0]
.ai/workflow-reliability/evidence/reproduce-p0.py:63: trailing whitespace.
+    original = (project / mutation["file"]).read_text(encoding="utf-8").splitlines(keepends=True)
.ai/workflow-reliability/evidence/reproduce-p0.py:64: trailing whitespace.
+    original[mutation["_index"]] = mutation["_text"]
.ai/workflow-reliability/evidence/reproduce-p0.py:65: trailing whitespace.
+    invalid = owned / "invalid.mjs"
.ai/workflow-reliability/evidence/reproduce-p0.py:66: trailing whitespace.
+    invalid.write_text("".join(original), encoding="utf-8")
.ai/workflow-reliability/evidence/reproduce-p0.py:67: trailing whitespace.
+    _, _, syntax_error = command(["node", "--check", str(invalid)], project, expected=1)
.ai/workflow-reliability/evidence/reproduce-p0.py:68: trailing whitespace.
+    assert "SyntaxError" in syntax_error
.ai/workflow-reliability/evidence/reproduce-p0.py:69: trailing whitespace.
+    command([sys.executable, str(root / "scripts" / "mutate.py"), "--repo", str(project),
.ai/workflow-reliability/evidence/reproduce-p0.py:70: trailing whitespace.
+             "--base", base, "--slug", "invalid-kill", "--max-mutants", "1",
.ai/workflow-reliability/evidence/reproduce-p0.py:71: trailing whitespace.
+             "--test-cmd", "node --test --test-reporter=tap test/check.test.mjs"], project)
.ai/workflow-reliability/evidence/reproduce-p0.py:72: trailing whitespace.
+    invalid_report = json.loads((project / ".ai" / "invalid-kill" / "mutation.json").read_text())
.ai/workflow-reliability/evidence/reproduce-p0.py:73: trailing whitespace.
+    assert invalid_report["score_pct"] == 100 and invalid_report["killed"] == 1, invalid_report
.ai/workflow-reliability/evidence/reproduce-p0.py:74: trailing whitespace.
+
.ai/workflow-reliability/evidence/reproduce-p0.py:75: trailing whitespace.
+    command([sys.executable, str(root / "scripts" / "probe.py"), "--base", "HEAD",
.ai/workflow-reliability/evidence/reproduce-p0.py:76: trailing whitespace.
+             "--slug", "incomplete-pass", "--skip-mutation"], project)
.ai/workflow-reliability/evidence/reproduce-p0.py:77: trailing whitespace.
+    incomplete = json.loads((project / ".ai" / "incomplete-pass" / "metrics.json").read_text())
.ai/workflow-reliability/evidence/reproduce-p0.py:78: trailing whitespace.
+    assert incomplete["verdict"] == "pass" and "mutation_score_pct" in incomplete["unavailable"], incomplete
.ai/workflow-reliability/evidence/reproduce-p0.py:79: trailing whitespace.
+
.ai/workflow-reliability/evidence/reproduce-p0.py:80: trailing whitespace.
+    (project / "uncommitted.txt").write_text("Invalidate clean-run prerequisites.\n", encoding="utf-8")
.ai/workflow-reliability/evidence/reproduce-p0.py:81: trailing whitespace.
+    stale_path = project / ".ai" / "stale" / "mutation.json"
.ai/workflow-reliability/evidence/reproduce-p0.py:82: trailing whitespace.
+    stale_path.parent.mkdir(parents=True)
.ai/workflow-reliability/evidence/reproduce-p0.py:83: trailing whitespace.
+    stale_path.write_text(json.dumps({"head": "obsolete", "score_pct": 100, "survivors": []}), encoding="utf-8")
.ai/workflow-reliability/evidence/reproduce-p0.py:84: trailing whitespace.
+    stale_result = probe.mutation_entry(str(project), "stale", base, False)
.ai/workflow-reliability/evidence/reproduce-p0.py:85: trailing whitespace.
+    assert stale_result["head"] == 100 and stale_result["status"] == "ok", stale_result
.ai/workflow-reliability/evidence/reproduce-p0.py:86: trailing whitespace.
+    result = {
.ai/workflow-reliability/evidence/reproduce-p0.py:87: trailing whitespace.
+        "kind": "Observed pre-fix counterexamples, not passing new-feature tests",
.ai/workflow-reliability/evidence/reproduce-p0.py:88: trailing whitespace.
+        "sourceHashes": {name: hashlib.sha256((root / "scripts" / name).read_bytes()).hexdigest()
.ai/workflow-reliability/evidence/reproduce-p0.py:89: trailing whitespace.
+                         for name in ("probe.py", "mutate.py", "run.py")},
.ai/workflow-reliability/evidence/reproduce-p0.py:90: trailing whitespace.
+        "missingExtensions": {"changedTargets": {path: sorted(lines) for path, lines in targets.items()},
.ai/workflow-reliability/evidence/reproduce-p0.py:91: trailing whitespace.
+                              "requiredButAbsent": [".mjs", ".cjs"]},
.ai/workflow-reliability/evidence/reproduce-p0.py:92: trailing whitespace.
+        "syntaxCountedAsKill": invalid_report,
.ai/workflow-reliability/evidence/reproduce-p0.py:93: trailing whitespace.
+        "incompleteReportedPass": incomplete,
.ai/workflow-reliability/evidence/reproduce-p0.py:94: trailing whitespace.
+        "staleReportAcceptedAfterDirtyRunFailure": stale_result,
.ai/workflow-reliability/evidence/reproduce-p0.py:95: trailing whitespace.
+        "commands": records,
.ai/workflow-reliability/evidence/reproduce-p0.py:96: trailing whitespace.
+    }
.ai/workflow-reliability/evidence/reproduce-p0.py:97: trailing whitespace.
+    output = root / ".ai" / "workflow-reliability" / "evidence" / "p0-reproductions.json"
.ai/workflow-reliability/evidence/reproduce-p0.py:98: trailing whitespace.
+    output.write_text(json.dumps(result, indent=2) + "\n", encoding="utf-8")
.ai/workflow-reliability/evidence/reproduce-p0.py:99: trailing whitespace.
+print("Reproduced all four pre-fix defects; evidence saved, owned fixture removed.")
.ai/workflow-reliability/research.md:1: trailing whitespace.
+# Workflow reliability — source-backed research handoff
.ai/workflow-reliability/research.md:2: trailing whitespace.
+
.ai/workflow-reliability/research.md:3: trailing whitespace.
+## Snapshot, scope and status
.ai/workflow-reliability/research.md:4: trailing whitespace.
+
.ai/workflow-reliability/research.md:5: trailing whitespace.
+- **FACT — inspected snapshot:** repository `shankar029/bulletproof`, worktree `C:\Users\shbs\.copilot\repos\copilot-worktrees\bulletproof\shbs-microsoft-crispy-system`; HEAD/base `bcc971d3b64559127dfc43eb0bfd4348c42803ca`; branch `shbs-microsoft-workflow-app-verification`. Read-only `git rev-parse HEAD` and bounded `git branch --show-current` returned these values on 2026-09-16. Initial `git status --short` showed only `?? .ai/workflow-reliability/`; the later inspection also showed `?? .ai/assets/`. Those are worktree artifacts, not part of the cited commit. No tracked implementation change was reported during research.
.ai/workflow-reliability/research.md:6: trailing whitespace.
+- **FACT — requirement authority:** [state.md](state.md):14–22 defines AC01–AC09; lines 31–36 exclude an orchestration framework/factory, authenticated-identity claims, control of bypassed commands, code-clarity rewrites, weaker benchmark thresholds, and deterministic-test claims of repeated uncoached model effectiveness. Snippets: “distinct producer roles/contexts”, “commands routed through it”, “explicit current contract”. This report covers all nine ACs, not just the Python scripts.
.ai/workflow-reliability/research.md:7: trailing whitespace.
+- **FACT — authorization:** this assignment permits only this research artifact to be written; no implementation, historical case-study edits, tests that mutate state, installation, nested delegation, main-checkout access or publication. `.ai\workflow-reliability\state.md:10–11`: “Do not retry or bypass” the publication restriction; “Preserve the completed planner case study as historical evidence.”
.ai/workflow-reliability/research.md:8: trailing whitespace.
+- **FACT — execution boundary:** no test suite, probe, mutation, diagnosis, live-agent run, installer, server, or browser was executed. Source inspection and read-only Git/version inspection are the evidence here. Node reported `v24.11.1`; the supplied managed Python successfully ran `scripts\run.py` with `-B`. Commands, tests and assertions described below were **read, not run**.
.ai/workflow-reliability/research.md:9: trailing whitespace.
+- **FACT — completion:** one research handoff is complete; it is not Gate 1 approval, a design, or an implementation proposal. The existing `state.md` is the accessible requirement record. At inspection, this task directory contained `state.md`, `.gitattributes` and `evidence`; `clarifications.md` and `traceability.md` were not present. No links to nonexistent authoritative inputs are implied.
.ai/workflow-reliability/research.md:10: trailing whitespace.
+
.ai/workflow-reliability/research.md:11: trailing whitespace.
+## Summary
.ai/workflow-reliability/research.md:12: trailing whitespace.
+
.ai/workflow-reliability/research.md:13: trailing whitespace.
+**FACT:** the reusable runtime consists of three Python scripts, thin Markdown host launchers, and separate Node evaluation primitives. Existing phase ownership, due-check timing, evidence freshness, and revision/resume requirements are substantial **prose contracts**, not enforced command admission. The Node live harness measures delivered-arm quality and Git hygiene, not six-phase completion.
.ai/workflow-reliability/research.md:14: trailing whitespace.
+
.ai/workflow-reliability/research.md:15: trailing whitespace.
+**FACT:** `.mjs` and `.cjs` are absent from both Python extension sets; the generic mutation path grades every nonzero mutant command exit as a kill. The probe's overall pass is based on measured failures, not measurement completeness. The example's ESM mutation/diagnosis tooling already distinguishes several setup failures from assertion failures, but is separate from the generic scripts.
.ai/workflow-reliability/research.md:16: trailing whitespace.
+
.ai/workflow-reliability/research.md:17: trailing whitespace.
+**INFERENCE:** existing useful seams are `run_capture`, the existing argv-based CLI convention, pure `judge`/mutation functions, Node's scorer/oracle functions, source-hashed example evidence, and the current task/check contracts. They do not amount to an existing authenticated workflow engine. Details and limits follow; this handoff selects no new design or file layout.
.ai/workflow-reliability/research.md:18: trailing whitespace.
+
.ai/workflow-reliability/research.md:19: trailing whitespace.
+## Requirement coverage
.ai/workflow-reliability/research.md:20: trailing whitespace.
+
.ai/workflow-reliability/research.md:21: trailing whitespace.
+| AC | Current behavior, consumers and reuse | Existing proof and bounded gap | Research status |
.ai/workflow-reliability/research.md:22: trailing whitespace.
+|---|---|---|---|
.ai/workflow-reliability/research.md:23: trailing whitespace.
+| **AC01 / P0** | **FACT:** Python discovery excludes ESM/CJS; mutation routes by root manifests or explicit command, not the native Node test inventory. Textual operators and exit-code grading are independent of file syntax. Probe invokes generic mutation as a subprocess. E01–E06. | **FACT:** Node `generateMutants` has operator unit tests and scorer integration against TS fixtures, but these do not call Python. Example ESM mutation has syntax/assertion distinctions. E12, E14, E19; S1. **UNKNOWN:** new full ESM/CJS path has not been executed. | Static causal path established; runtime reproduction intentionally deferred. |
.ai/workflow-reliability/research.md:24: trailing whitespace.
+| **AC02 / P0** | **FACT:** `judge`, `worst_status`, `unavailable`, and report `verdict` already separate some raw observations, but missing proof does not block overall pass. Diff coverage and architecture enforcement are documented beyond implemented collectors. Consumers include canonical skill, metrics/rubric/review/report references, README and architecture docs. E07–E10, E25. | **FACT:** eval null/composite behavior is independently specified and tested; it is not the probe's metric contract. E11–E13. No generic probe tests found in inspected executable/test scope. S1. | Current semantics and cross-consumer conflicts established. |
.ai/workflow-reliability/research.md:25: trailing whitespace.
+| **AC03 / P0** | **FACT:** task/check IDs, dependencies, proof owners, timing, source snapshots and intermediate due-work semantics exist in planning/workspace/review contracts. Existing metric/review JSON lacks bound gate records. E09, E15–E18. | **FACT:** source-hashed example mutation/diagnosis evidence supplies a precedent, not a reusable readiness evaluator. No such evaluator or producer/context binding found in scripts/evals/launchers/assets. E19–E20; S2. | Contract versus enforcement boundary established. |
.ai/workflow-reliability/research.md:26: trailing whitespace.
+| **AC04 / P0** | **FACT:** `run.py` launches argv and returns process status with idle/max termination; the actual launchers only instruct the host. Live pi adapter also launches commands but has no phase admission. E05–E06, E21–E23. | **FACT:** example `runNode` test checks output, exit preservation and owned PID termination, not guard admission. E19. **UNKNOWN:** host-provided identities/capabilities beyond repository wiring are not established. | Existing dispatch surfaces established; no host security guarantee inferred. |
.ai/workflow-reliability/research.md:27: trailing whitespace.
+| **AC05 / P1** | **FACT:** resume/revision contracts preserve stable IDs/unaffected evidence and reopen invalidated results. Live harness always creates a new seed workspace rather than resuming a changed prerequisite graph. E16–E17, E22. | **FACT:** live workspace test checks initial seeds and withheld oracle only; historical review explicitly distinguishes same-context re-anchoring from fresh-context resume. E14, E26. No behavioral changed-prerequisite resume test found. S2–S3. | Existing intended behavior and coverage gap established. |
.ai/workflow-reliability/research.md:28: trailing whitespace.
+| **AC06 / P1** | **FACT:** testing contract rejects setup-as-red; example diagnosis enforces assertion failures and excludes module/syntax failures, but discloses and injects its cause. V1 tests fixed arms; live v2 observes Git hygiene. E12–E14, E20–E22, E24. | **FACT:** no inspected procedural evaluator exercises missing review, stale proof, unavailable required metrics or early retirement. Existing held-out oracle convention and neutral prompt construction are reusable evaluation seams, not a held-out diagnosis experiment. E23–E24; S2–S4. | Required distinction between deterministic protocol tests and live effectiveness established. |
.ai/workflow-reliability/research.md:29: trailing whitespace.
+| **AC07 / P1** | **FACT:** one `design.html` is reread/updated; planning already says expand–migrate–contract and check callers/compatibility before removal. Canonical triggers exist for this planning advice, but not an explicit current-versus-historical design contract or bound earlier-proof retirement admission. E17–E18. | **FACT:** application migration tests assert current format/read/write/rollback/HTTP behavior, not prior independent browser-proof timing. E20, E26; S3. | Existing compatibility contract, temporal gap and consumers established. |
.ai/workflow-reliability/research.md:30: trailing whitespace.
+| **AC08 / P2** | **FACT:** research already requires typed claims, scoped absence, freshness and supersession; communication/report contracts require truthful gate status. No executable authoritative gate-state producer feeds these summaries. E18, E25; S2. | **FACT:** communication cases are explicitly illustrative, not a live run. Research parent sampling remains a procedural check. E18, E25. | Scoped corrections/status integration seam established without rewriting clarity guidance. |
.ai/workflow-reliability/research.md:31: trailing whitespace.
+| **AC09** | **FACT:** native Node/JSON/no-new-framework conventions; canonical mandatory independent per-increment verification/review; exact evidence commands and conservative limitations. Separate generic 60% mutation floor and eval 0.9 bar. E10–E14, E16, E24–E25. | **FACT:** tests/commands are catalogued below, **not executed**. Historical success counts are historical statements, not current validation. E26. | Regression boundaries and parent validation responsibilities identified. |
.ai/workflow-reliability/research.md:32: trailing whitespace.
+
.ai/workflow-reliability/research.md:33: trailing whitespace.
+## Evidence: implementation and failure traces
.ai/workflow-reliability/research.md:34: trailing whitespace.
+
.ai/workflow-reliability/research.md:35: trailing whitespace.
+### E01 — Python file discovery and baseline classification
.ai/workflow-reliability/research.md:36: trailing whitespace.
+
.ai/workflow-reliability/research.md:37: trailing whitespace.
+**FACT:** `scripts\probe.py:26–29` defines `SKIP_DIRS` and `CODE_EXT = {".py", ".js", ".jsx", ".ts", ".tsx", ...}` with neither `.mjs` nor `.cjs`. `code_files(root)` at lines 97–104 filters by this set and excludes dot directories. `scripts\mutate.py:35–36` duplicates the extension set without ESM/CJS.
.ai/workflow-reliability/research.md:38: trailing whitespace.
+
.ai/workflow-reliability/research.md:39: trailing whitespace.
+**FACT:** `scripts\mutate.py:164–184`, `changed_lines(repo, base)`, first runs `git diff -U0 base + "...HEAD"` and only falls back to `git diff -U0 base` on command failure. Inclusion requires `os.path.splitext(current)[1].lower() in CODE_EXT`, `not is_test_path` and `not is_excluded`. `is_test_path` / `is_excluded` at lines 79–100 exclude tests, fixtures, generated/vendor/workspace paths, including `migrations`.
.ai/workflow-reliability/research.md:40: trailing whitespace.
+
.ai/workflow-reliability/research.md:41: trailing whitespace.
+**INFERENCE:** an ESM/CJS-only diff cannot produce generic mutants through that filter. An ESM-heavy baseline can also be counted as having fewer than three source files, because `scripts\probe.py:415` uses `len(code_files(wt))` and lines 422–427 use `greenfield = base_code_count < 3`. This is a static causal inference, not a reproduced probe result.
.ai/workflow-reliability/research.md:42: trailing whitespace.
+
.ai/workflow-reliability/research.md:43: trailing whitespace.
+**FACT:** `scripts\probe.py:399–420` leaves `base_code_count = 0` on missing merge-base or failed baseline worktree creation; the same `< 3` branch then classifies the baseline greenfield. Snippets: `merge_base = ... if rc == 0 else ""`, `base_code_count = 0`, `if rc == 0: ... base_code_count = len(code_files(wt))`.
.ai/workflow-reliability/research.md:44: trailing whitespace.
+
.ai/workflow-reliability/research.md:45: trailing whitespace.
+### E02 — Mutation command detection and repository boundary
.ai/workflow-reliability/research.md:46: trailing whitespace.
+
.ai/workflow-reliability/research.md:47: trailing whitespace.
+**FACT:** `scripts\mutate.py:102–111,149–161`, `TEST_COMMANDS` and `detect_test_cmd(repo)`, recognize a root `package.json` with a `scripts.test` entry and an installed `npm`, then pytest/Go/Rust/Maven/Gradle markers. Package route is `["npm", "test", "--silent"]`; there is no direct `node --test` discovery branch.
.ai/workflow-reliability/research.md:48: trailing whitespace.
+
.ai/workflow-reliability/research.md:49: trailing whitespace.
+**FACT:** `scripts\mutate.py:256–298` accepts `--slug`, `--base`, `--repo`, `--test-cmd`, `--max-mutants` (20), `--timeout` (300). It normalizes `--repo` to Git's top level (`repo = top.strip()`), refuses any nonempty porcelain status, resolves explicit commands with `args.test_cmd.split()`, checks baseline exit zero, and returns 2 before report writing for dirty/no-command/red-baseline failures. `resolve(cmd)` at lines 141–147 resolves argv[0] using `shutil.which`.
.ai/workflow-reliability/research.md:50: trailing whitespace.
+
.ai/workflow-reliability/research.md:51: trailing whitespace.
+**INFERENCE:** passing a nested package as `--repo` does not retain that package as test cwd after Git normalization. An explicitly quoted argument containing spaces is not faithfully represented by plain `.split()`. These are relevant routing constraints, not a prescription for new routing.
.ai/workflow-reliability/research.md:52: trailing whitespace.
+
.ai/workflow-reliability/research.md:53: trailing whitespace.
+**FACT:** the inspected repository root listing has no `package.json`; contributor commands directly run Node. The actual example package, `examples\team-planner\package.json:4–11`, has `"type": "module"`, Node `>=24`, and `"test": "node scripts/check.mjs all"`. This proves an existing ESM/native route in a nested example, not automatic detection of it by the generic root-based script.
.ai/workflow-reliability/research.md:54: trailing whitespace.
+
.ai/workflow-reliability/research.md:55: trailing whitespace.
+### E03 — Textual operator behavior
.ai/workflow-reliability/research.md:56: trailing whitespace.
+
.ai/workflow-reliability/research.md:57: trailing whitespace.
+**FACT:** `scripts\mutate.py:40–57` orders regex operators: boundary, equality, boolean logic, word `and/or`, comparison `>`/`<`, arithmetic, booleans. `mask_strings(text)` at lines 196–206 masks quoted strings/backticks; `build_mutants(repo, targets, limit)` at lines 209–253 applies the first matching operator once per line, otherwise eligible statement deletion, then deterministic spreading. Snippets: `break # one mutant per line`, `chosen = ("statement deleted", ... "/* mutant: statement removed */\n")`.
.ai/workflow-reliability/research.md:58: trailing whitespace.
+
.ai/workflow-reliability/research.md:59: trailing whitespace.
+**FACT:** `deletable(text)` at lines 69–75 requires a semicolon, excludes specified declaration prefixes, and checks balanced bracket counts. There is no parser/syntax preflight in generic mutation execution, lines 312–335.
.ai/workflow-reliability/research.md:60: trailing whitespace.
+
.ai/workflow-reliability/research.md:61: trailing whitespace.
+**INFERENCE:** merely adding extensions does not establish safe ESM/CJS mutation. For example the existing unqualified `r">"` rule can select the arrow in `=>` before later arithmetic rules and produce invalid syntax. Whether a particular fixture hits this case must be verified separately.
.ai/workflow-reliability/research.md:62: trailing whitespace.
+
.ai/workflow-reliability/research.md:63: trailing whitespace.
+### E04 — Generic mutation grading and artifact shape
.ai/workflow-reliability/research.md:64: trailing whitespace.
+
.ai/workflow-reliability/research.md:65: trailing whitespace.
+**FACT:** `scripts\mutate.py:292–299` treats baseline `rc != 0` as “the test suite is not green”; it discards stdout/stderr and does not assert a positive executed-test count. Lines 318–325 write each mutant in place and restore the changed line in `finally`. Lines 326–335 count `rc == 124` as both a timeout and killed; **every other nonzero status** is also `killed`.
.ai/workflow-reliability/research.md:66: trailing whitespace.
+
.ai/workflow-reliability/research.md:67: trailing whitespace.
+**INFERENCE:** setup, load, syntax, command-launch and max-timeout errors can inflate generic kill counts; `run_capture` can return 125/127, and these fall into `elif rc != 0`. Baseline exit zero also does not establish that relevant tests actually ran. No runtime classification experiment was authorized here.
.ai/workflow-reliability/research.md:68: trailing whitespace.
+
.ai/workflow-reliability/research.md:69: trailing whitespace.
+**FACT:** `scripts\mutate.py:301–307,340–366` writes `.ai/<slug>/mutation.json`. Normal report keys include slug, abbreviated base/head, generation timestamp, joined `test_cmd`, score, killed/survived/total/timeouts, and survivor edits. The no-mutant report has `score_pct: None` and `note: "no mutable changed lines"`. Completed measurement returns 0 regardless of mutation score. No command output, producer/context identity, contract hash or per-source fingerprint is recorded in this report.
.ai/workflow-reliability/research.md:70: trailing whitespace.
+
.ai/workflow-reliability/research.md:71: trailing whitespace.
+### E05 — Existing bounded process API
.ai/workflow-reliability/research.md:72: trailing whitespace.
+
.ai/workflow-reliability/research.md:73: trailing whitespace.
+**FACT:** `scripts\run.py:80–140` exposes `run_capture(cmd, cwd=None, idle=300.0, max_total=0.0)` returning `(rc, stdout, stderr)`. It uses `_popen`, a fresh process group, separate stream-reader threads, an idle timer and total timer. Result codes: child status, 124 idle, 125 max or launch exception, 127 not found. Captured timeout markers are `[idle-timeout]` / `[max-timeout]`.
.ai/workflow-reliability/research.md:74: trailing whitespace.
+
.ai/workflow-reliability/research.md:75: trailing whitespace.
+**FACT:** `scripts\run.py:42–77` implements `_kill_tree(proc)` with Windows `["taskkill", "/F", "/T", "/PID", str(proc.pid)]`, Unix process-group kill, and best-effort fallback. This is PID-scoped process cleanup. `run_capture` and CLI pumps at lines 101–105 and 178–185 iterate **lines** from text streams; the implementation is not a per-byte reader despite the “every byte/chunk” wording in `SKILL.md:107–110` / script docstrings.
.ai/workflow-reliability/research.md:76: trailing whitespace.
+
.ai/workflow-reliability/research.md:77: trailing whitespace.
+**FACT:** CLI `main()` at `scripts\run.py:143–219` supports `--idle` (60), `--max` (0), `--label`, and remainder argv after `--`. It directly calls `subprocess.Popen(cmd, ...)`, streams output, kills on timeout and passes status through. It does not load task, check, review or metrics records before spawning.
.ai/workflow-reliability/research.md:78: trailing whitespace.
+
.ai/workflow-reliability/research.md:79: trailing whitespace.
+**INFERENCE:** this is an existing bounded execution seam but not guarded workflow admission. Neither argv routing nor saved producer strings authenticate independent people/contexts or block tools that bypass a future guard. Those limitations are already explicit in task scope.
.ai/workflow-reliability/research.md:80: trailing whitespace.
+
.ai/workflow-reliability/research.md:81: trailing whitespace.
+### E06 — Internal process callers and failure fallbacks
.ai/workflow-reliability/research.md:82: trailing whitespace.
+
.ai/workflow-reliability/research.md:83: trailing whitespace.
+**FACT:** `scripts\probe.py:39–63` and `scripts\mutate.py:114–138` both import `run_capture` and call it with `idle = min(300.0, float(timeout))`, `max_total=float(timeout or 0)`. Both have a broad import-failure fallback to `subprocess.run(... timeout=..., shell=False)`, with their own 127/124/125 mappings. Thus not every internal execution necessarily uses the same process-tree behavior if the import fails.
.ai/workflow-reliability/research.md:84: trailing whitespace.
+
.ai/workflow-reliability/research.md:85: trailing whitespace.
+**FACT:** `scripts\probe.py:66–81`, `argv(tool)`, resolves global shims or probes Python modules with the current interpreter. `m_mutation(root, skip)` at lines 227–250 tries a JSON-configured Stryker runner then mutmut with a tests directory; result parsing is text-based. It is separate from the diff-scoped engine.
.ai/workflow-reliability/research.md:86: trailing whitespace.
+
.ai/workflow-reliability/research.md:87: trailing whitespace.
+**FACT:** `scripts\probe.py:289–320`, `mutation_entry(repo, slug, base, skip)`, launches `mutate.py` but ignores its return tuple, then reads an already-existing `.ai/<slug>/mutation.json` if present. It uses `data.get("score_pct")` without checking the report's head/base/generated or binding it to that invocation.
.ai/workflow-reliability/research.md:88: trailing whitespace.
+
.ai/workflow-reliability/research.md:89: trailing whitespace.
+**INFERENCE:** a stale mutation report can be consumed after the current mutation command fails before writing a replacement. This is directly relevant to durable evidence freshness; it has not been executed as a reproduction.
.ai/workflow-reliability/research.md:90: trailing whitespace.
+
.ai/workflow-reliability/research.md:91: trailing whitespace.
+### E07 — What the probe actually collects
.ai/workflow-reliability/research.md:92: trailing whitespace.
+
.ai/workflow-reliability/research.md:93: trailing whitespace.
+**FACT:** `scripts\probe.py:274–283`, `collect(root, skip_mutation)`, returns exactly duplication_pct, complexity_max, complexity_avg, cycles, dead_exports, static_findings. Its `skip_mutation` parameter does not alter that collector. `diff_stats` at lines 253–270 computes tracked working-tree numstat versus base, unlike mutation's normal committed three-dot diff. `mutation_entry` supplies the mutation measurement separately.
.ai/workflow-reliability/research.md:94: trailing whitespace.
+
.ai/workflow-reliability/research.md:95: trailing whitespace.
+**FACT:** individual collectors return `None` when missing/unparseable in many paths: `m_duplication:129–147`, `m_complexity:150–169`, `m_static:194–206`, `m_dead:209–224`. They do not carry a structured unavailable reason into the final report.
.ai/workflow-reliability/research.md:96: trailing whitespace.
+
.ai/workflow-reliability/research.md:97: trailing whitespace.
+**FACT:** `m_cycles(root)` at `scripts\probe.py:172–191` calls `madge --circular --json <target>` for src/lib/app or `.`. It checks only rc 127 explicitly and parses `json.loads(out or "[]")`, without explicit extension flags. **INFERENCE:** empty output can be counted as zero cycles; actual tool-specific ESM coverage is UNKNOWN without inspecting/running the installed tool. Do not conflate Python extension discovery with externally delegated analyzer coverage.
.ai/workflow-reliability/research.md:98: trailing whitespace.
+
.ai/workflow-reliability/research.md:99: trailing whitespace.
+**FACT:** `is_ui_project(root)` at `scripts\probe.py:107–125` checks selected UI dependencies in the root package and then UI suffixes among `code_files`. `main:448–451` skips mutation on detected UI unless forced, and reports it unavailable. `--skip-mutation` is also honored. UI detection and required-proof completeness are therefore distinct concerns.
.ai/workflow-reliability/research.md:100: trailing whitespace.
+
.ai/workflow-reliability/research.md:101: trailing whitespace.
+### E08 — Current metric outcome semantics
.ai/workflow-reliability/research.md:102: trailing whitespace.
+
.ai/workflow-reliability/research.md:103: trailing whitespace.
+**FACT:** `scripts\probe.py:342–376`, `judge(name, base, head, greenfield=False)`, returns `(None, "unavailable")` for missing head; for a nongreenfield missing base it marks a measured head `ok`. Compared metrics apply direction/tolerances; greenfield uses sanity limits. `LOWER_BETTER`, `ABSOLUTE_ZERO`, `TOLERANCE`, `GREENFIELD_LIMITS` at lines 324–339 are explicit policy constants.
.ai/workflow-reliability/research.md:104: trailing whitespace.
+
.ai/workflow-reliability/research.md:105: trailing whitespace.
+**FACT:** in `scripts\probe.py:429–441,448–495`, unavailable metrics are appended and omitted from the metrics map; only measured `fail` moves `worst` to fail. Snippets: `"verdict": "fail" if worst == "fail" else "pass"` and `return 1 if report["verdict"] == "fail" else 0`. Therefore the emitted overall verdict can be pass with unavailable required measurements or all metrics absent. This is actual current code, independent of historical report observations.
.ai/workflow-reliability/research.md:106: trailing whitespace.
+
.ai/workflow-reliability/research.md:107: trailing whitespace.
+**FACT:** the probe has no required-metric declaration/completeness field in its CLI (`379–387`) or output (`457–477`). Greenfield cycle limits are `(0, 1)` at line 336: one cycle warns rather than fails. This is narrower than the “no cycles” wording in `references\quality-metrics.md:127–130`; record the existing mismatch rather than silently redesigning unrelated thresholds.
.ai/workflow-reliability/research.md:108: trailing whitespace.
+
.ai/workflow-reliability/research.md:109: trailing whitespace.
+### E09 — Metric/report bindings currently persisted
.ai/workflow-reliability/research.md:110: trailing whitespace.
+
.ai/workflow-reliability/research.md:111: trailing whitespace.
+**FACT:** `scripts\probe.py:457–484` persists slug, requested base, shortened merge-base/head, generated time, project/baseline kinds, verdict/worst_status, metrics, unavailable and tool versions. Source content, contracts, due-check inventory, producer role/context and a current execution identity are not bound in that shape. `main:396–397` records the **short committed HEAD** while collection measures the working tree.
.ai/workflow-reliability/research.md:112: trailing whitespace.
+
.ai/workflow-reliability/research.md:113: trailing whitespace.
+**INFERENCE:** a commit identifier alone cannot identify the measured dirty content or prove freshness after prerequisite changes. `references\review-and-pr.md:16–18` already warns that a committed three-dot diff cannot establish coverage of a dirty tree.
.ai/workflow-reliability/research.md:114: trailing whitespace.
+
.ai/workflow-reliability/research.md:115: trailing whitespace.
+### E10 — Metric policy and documentation consumers
.ai/workflow-reliability/research.md:116: trailing whitespace.
+
.ai/workflow-reliability/research.md:117: trailing whitespace.
+**FACT:** `references\quality-metrics.md:49–57` lists diff coverage and architecture rules among metrics; lines 154–157 require diff coverage above the project bar; lines 204–209 show `diff_coverage_pct` and unavailable `architecture_rules`. Neither is emitted by the implemented collector/main metric assembly (E07–E09). `SKILL.md:376–383` likewise says the probe measures diff coverage. This is a source/docs mismatch, not a measured coverage result.
.ai/workflow-reliability/research.md:118: trailing whitespace.
+
.ai/workflow-reliability/research.md:119: trailing whitespace.
+**FACT:** generic mutation floor is `MUTATION_FLOOR = 60.0` (`scripts\probe.py:286`) and documented at `references\quality-metrics.md:84–87`; timeout-as-killed is documented there too. That policy differs from the independent eval's 0.9 bar (E13). The accepted task permits explicit metric/guard outcome changes, not benchmark threshold weakening.
.ai/workflow-reliability/research.md:120: trailing whitespace.
+
.ai/workflow-reliability/research.md:121: trailing whitespace.
+**FACT:** `references\quality-metrics.md:188–216` documents current JSON and defines pass as nothing failing. Lines 163–175 bind rubric dimensions to metrics but allow evidence-based justification for unavailable values. `references\quality-bar.md:43–48` says “No number, no score: mark it unverified and go measure.” These consumers need to be understood together; the texts do not currently define one executable required-measurement contract.
.ai/workflow-reliability/research.md:122: trailing whitespace.
+
.ai/workflow-reliability/research.md:123: trailing whitespace.
+## Evidence: existing evaluation and reuse
.ai/workflow-reliability/research.md:124: trailing whitespace.
+
.ai/workflow-reliability/research.md:125: trailing whitespace.
+### E11 — Native scorer entry points are separate from the Python probe
.ai/workflow-reliability/research.md:126: trailing whitespace.
+
.ai/workflow-reliability/research.md:127: trailing whitespace.
+**FACT:** `evals\lib\score.mjs:9–13` exports `parseTap(output)` returning counts, zeros if missing. `childEnv(extra)` at lines 26–31 removes `NODE_TEST_CONTEXT`; `tap` at lines 33–39 invokes `process.execPath --test --test-reporter=tap`. `runFunctional(task, projectAbs, armDirAbs, repoRoot)` at lines 41–50 sets `ARM_PATH` or `ARM_DIR` and returns pass/tests.
.ai/workflow-reliability/research.md:128: trailing whitespace.
+
.ai/workflow-reliability/research.md:129: trailing whitespace.
+**FACT:** `runQuality(...)` at `evals\lib\score.mjs:60–101` uses source regexes, direct-dependency checks, optional executable extension oracle and E2E test-source regexes. `hasE2E` at lines 52–58 is `patterns.some(...)`, not an assertion that a browser/HTTP/process interaction actually ran or evidence was captured.
.ai/workflow-reliability/research.md:130: trailing whitespace.
+
.ai/workflow-reliability/research.md:131: trailing whitespace.
+**FACT:** `testQualityScore(tq)` and `composite(dims, weights)` at `evals\lib\score.mjs:170–187` score absent/broken tests as zero, unmeasurable mutation as null, and renormalize weights over non-null dimensions. That model intentionally treats some dimensions as N/A; it does not consume `.ai/<slug>/metrics.json`.
.ai/workflow-reliability/research.md:132: trailing whitespace.
+
.ai/workflow-reliability/research.md:133: trailing whitespace.
+### E12 — Separate textual engine, assertions and classification limits
.ai/workflow-reliability/research.md:134: trailing whitespace.
+
.ai/workflow-reliability/research.md:135: trailing whitespace.
+**FACT:** `evals\lib\mutate.mjs:10–25,45–58`, `generateMutants(source, {max=16}={})`, generates deduplicated single-site textual mutations including strict `===`/`!==`. It accepts source text, not paths/extensions; it is not the Python mutation implementation. `evals\lib\mutate.test.mjs:5–40` asserts arithmetic/relational/boolean mutations, uniqueness/no-ops, bounds and avoidance of `++`, `+=`, comment terminators.
.ai/workflow-reliability/research.md:136: trailing whitespace.
+
.ai/workflow-reliability/research.md:137: trailing whitespace.
+**FACT:** `runTestQuality(...)` in `evals\lib\score.mjs:108–155` opts in through `quality.mutate`, lists immediate arm `.test.` files, copies arm/shared to a temporary tree, runs a baseline and mutates up to 16 variants. It uses `tests === 0` as the setup/load skip signal and otherwise counts `fail > 0` as killed. It does not inspect assertion classification or process exit status there.
.ai/workflow-reliability/research.md:138: trailing whitespace.
+
.ai/workflow-reliability/research.md:139: trailing whitespace.
+**INFERENCE:** the “compile error ≠ kill” comment is stronger than its zero-count heuristic guarantees: a runner-level failing file could emit nonzero TAP test/fail counts. Installed-Node behavior for such a case was not executed in this read-only assignment. This remains a classification risk, not a claimed reproduced bug.
.ai/workflow-reliability/research.md:140: trailing whitespace.
+
.ai/workflow-reliability/research.md:141: trailing whitespace.
+**FACT:** `evals\lib\score.test.mjs:11–19` tests parsed summaries and absent-summary SyntaxError text; lines 108–125 test absent/broken/unrunnable/unmeasurable score mappings; lines 129–143 run integration against committed paginator fixtures and opt-out behavior. These tests do not cover Python discovery, command routing, durable proof or procedural phase order.
.ai/workflow-reliability/research.md:142: trailing whitespace.
+
.ai/workflow-reliability/research.md:143: trailing whitespace.
+### E13 — V1 regression gate and preservation boundary
.ai/workflow-reliability/research.md:144: trailing whitespace.
+
.ai/workflow-reliability/research.md:145: trailing whitespace.
+**FACT:** `evals\run.mjs:15–46` discovers `evals/tasks/<id>/task.json`, scores configured arms with the three scorer functions, and marks a bulletproof arm failed if an applicable exact dimension is below 1 or testQuality below `TQ_BAR = 0.9`. Lines 103–113 write report.md/report.json and exit 1 on regression. Null dimensions are not failures.
.ai/workflow-reliability/research.md:146: trailing whitespace.
+
.ai/workflow-reliability/research.md:147: trailing whitespace.
+**FACT:** `evals\README.md:96–106` calls these “fixed artifacts (hand-authored)” and distinguishes them from live agents; `evals\run.mjs:98–100` says process adherence/guardrail policy remain outside this fixed-corpus gate. Current task inventory has ten configs: csv-stats-cli, discount-api, expr-eval, map-limit, median-backfill, order-fsm, paginator, shape-area, signup-form, uid.
.ai/workflow-reliability/research.md:148: trailing whitespace.
+
.ai/workflow-reliability/research.md:149: trailing whitespace.
+**FACT:** `evals\lib\score.test.mjs:57–74` explicitly preserves composite normalization and the ignored-present-dimension-with-no-weight behavior. AC09 cannot infer generic required-metric changes should silently change these separate evaluation semantics.
.ai/workflow-reliability/research.md:150: trailing whitespace.
+
.ai/workflow-reliability/research.md:151: trailing whitespace.
+### E14 — What agent harness tests actually assert
.ai/workflow-reliability/research.md:152: trailing whitespace.
+
.ai/workflow-reliability/research.md:153: trailing whitespace.
+**FACT:** `evals\agent\agent.test.mjs:15–45` tests pi flags, explicit skill path, prompt neutrality and workflow invocation. Lines 49–60 create a seeded workspace and assert shared/SPEC presence and oracle absence. Lines 64–79 test statistical aggregation; lines 82–118 test conventional-commit/process booleans and the protected-branch cap.
.ai/workflow-reliability/research.md:154: trailing whitespace.
+
.ai/workflow-reliability/research.md:155: trailing whitespace.
+**FACT:** these assertions contain no changed-prerequisite resume, independent-role evidence record, guarded transition, missing-review rejection or held-out diagnosis procedure. They do include filesystem-mutating workspace setup, so even this “unit tests” command was not executed during research.
.ai/workflow-reliability/research.md:156: trailing whitespace.
+
.ai/workflow-reliability/research.md:157: trailing whitespace.
+## Evidence: workflow contracts, dispatch and durable state
.ai/workflow-reliability/research.md:158: trailing whitespace.
+
.ai/workflow-reliability/research.md:159: trailing whitespace.
+### E15 — Existing human-review JSON is not a gate ledger
.ai/workflow-reliability/research.md:160: trailing whitespace.
+
.ai/workflow-reliability/research.md:161: trailing whitespace.
+**FACT:** `assets\artifact.js:17–43` keys browser-local state by slug/document and saves verdict/note/items in localStorage. `json()` at lines 416–429 exports doc, slug, timestamp, verdict, note and anchored comments. `downloadJSON()` at lines 441–448 triggers a browser download named `review.json`; it does not write a repository gate record.
.ai/workflow-reliability/research.md:162: trailing whitespace.
+
.ai/workflow-reliability/research.md:163: trailing whitespace.
+**FACT:** `references\html-theme.md:63–81,104–105` says user downloads/copies the review or replies in chat; parent resumes, handles approve/changes-requested and records dispositions. `pending` is never approval. There is no producer authentication or source/contract fingerprint in the exported shape.
.ai/workflow-reliability/research.md:164: trailing whitespace.
+
.ai/workflow-reliability/research.md:165: trailing whitespace.
+### E16 — Due checks, owners and independent increments already exist as contracts
.ai/workflow-reliability/research.md:166: trailing whitespace.
+
.ai/workflow-reliability/research.md:167: trailing whitespace.
+**FACT:** `references\planning.md:53–75` distinguishes increment from task, derives dependencies, detects cycles and reconciles current due scenarios/affected prior regressions while leaving future work unverified. Snippets: “Task completion is not increment completion”, “Never mark future work verified”.
.ai/workflow-reliability/research.md:168: trailing whitespace.
+
.ai/workflow-reliability/research.md:169: trailing whitespace.
+**FACT:** `references\planning.md:94–121` requires stable task IDs, entry conditions, exact changes, reuse, preservation, proof, recovery/status; checks have purpose, exact execution/cwd/platform, prerequisites, pass conditions, owner/timing and evidence. Snippets: “Exit zero alone is insufficient if no relevant tests ran”; “which later action it gates”.
.ai/workflow-reliability/research.md:170: trailing whitespace.
+
.ai/workflow-reliability/research.md:171: trailing whitespace.
+**FACT:** `references\workspace.md:124–135` assigns AC verdicts to the independent reviewer and records partial spanning-AC evidence. `references\delegation.md:19–24,61–67` makes research, verification and review mandatory fresh-context delegated roles. `references\review-and-pr.md:124–133` preserves returned judgments separately from parent dispositions and requires review of each increment before proceeding. These are prose obligations; S2 found no corresponding runtime evaluator.
.ai/workflow-reliability/research.md:172: trailing whitespace.
+
.ai/workflow-reliability/research.md:173: trailing whitespace.
+### E17 — Resume and current design behavior
.ai/workflow-reliability/research.md:174: trailing whitespace.
+
.ai/workflow-reliability/research.md:175: trailing whitespace.
+**FACT:** `references\workspace.md:16–29,81–104` calls `state.md` the resume source of truth, points to `design.html`/plan/tasks, and says reconcile when state/tree disagree. `references\planning.md:178–201` requires recording mismatches, stopping affected work, routing missing facts/design changes, preserving unaffected stable IDs, reopening invalid completion evidence, and rechecking affected gates before dispatch.
.ai/workflow-reliability/research.md:176: trailing whitespace.
+
.ai/workflow-reliability/research.md:177: trailing whitespace.
+**FACT:** `SKILL.md:301–310` requires rereading `design.html` and says “update the design document (and re-check the gate)” when reality contradicts it. `references\review-and-pr.md:30–33` expects divergence “folded back into the document”. `references\design-doc.md:8–13,66–73` describes a single task design and its schemas/signatures/decisions.
.ai/workflow-reliability/research.md:178: trailing whitespace.
+
.ai/workflow-reliability/research.md:179: trailing whitespace.
+**FACT (scoped absence):** the inspected canonical design/workspace/planning contracts do not define a separate explicitly current design contract bound to retained historical design revisions (S3). They do require artifact revision and source reconciliation; do not incorrectly characterize all freshness/resume guidance as absent.
.ai/workflow-reliability/research.md:180: trailing whitespace.
+
.ai/workflow-reliability/research.md:181: trailing whitespace.
+### E18 — Migration, research correction and canonical triggers
.ai/workflow-reliability/research.md:182: trailing whitespace.
+
.ai/workflow-reliability/research.md:183: trailing whitespace.
+**FACT:** `references\planning.md:79–88` requires expand, migrate, contract, then remove old form “only after scoped caller searches and compatibility/regression checks establish that migration is complete”; standalone increments must be green. `SKILL.md:264–266` triggers that planning procedure for wide compatibility changes. `references\production-readiness.md:36–41` additionally calls for prod-like migration/rollback/restore proof when deployment is relevant.
.ai/workflow-reliability/research.md:184: trailing whitespace.
+
.ai/workflow-reliability/research.md:185: trailing whitespace.
+**FACT (scoped absence):** there is no standalone `references\migration.md` in the inspected reference inventory. Migration rules are distributed above and in design/project-profile contracts. No executable earlier-compatibility-evidence admission was found (S2–S3). Current tests after removal cannot alone establish that proof existed **before** removal.
.ai/workflow-reliability/research.md:186: trailing whitespace.
+
.ai/workflow-reliability/research.md:187: trailing whitespace.
+**FACT:** `references\research.md:130–149` already requires FACT/INFERENCE/HYPOTHESIS/UNKNOWN labels, path/line/snippets, scoped negative searches, full worktree freshness, and “clearly supersede stale findings”. `SKILL.md:150–175` triggers the reference and requires parent sampling plus cross-component/not-found review. The current requirement strengthens these existing obligations; it does not begin from no scoped-research contract.
.ai/workflow-reliability/research.md:188: trailing whitespace.
+
.ai/workflow-reliability/research.md:189: trailing whitespace.
+### E19 — Existing ESM command and mutation evidence precedent
.ai/workflow-reliability/research.md:190: trailing whitespace.
+
.ai/workflow-reliability/research.md:191: trailing whitespace.
+**FACT:** `examples\team-planner\scripts\command.mjs:3–24`, `runNode(args,{cwd,timeout=120000}={})`, returns args/cwd/code/timedOut/stdout/stderr/durationMs; it captures bytes, uses `process.execPath`, and Windows PID-tree termination. It is a Node total-timeout helper, not `run_capture` and not a workflow gate.
.ai/workflow-reliability/research.md:192: trailing whitespace.
+
.ai/workflow-reliability/research.md:193: trailing whitespace.
+**FACT:** `examples\team-planner\test\command.test.mjs:35–46` asserts a child exit 7 preserves both streams; a long child is timed out and its reported PID no longer exists. This is a concrete process-test pattern, not proof of Python runner behavior.
.ai/workflow-reliability/research.md:194: trailing whitespace.
+
.ai/workflow-reliability/research.md:195: trailing whitespace.
+**FACT:** `examples\team-planner\scripts\check.mjs:5–14,24–29` selects `.test.mjs`, launches native `--test --test-timeout=30000 --test-reporter=tap`, rejects no tests/skipped/cancelled counts, and distinguishes timeout. The native runner is real, not a manifest-only assumption.
.ai/workflow-reliability/research.md:196: trailing whitespace.
+
.ai/workflow-reliability/research.md:197: trailing whitespace.
+**FACT:** `examples\team-planner\scripts\mutation.mjs:18–58` copies the app under `.work`, verifies the baseline, selects `src/*.mjs`, records SHA-256 and mutation identity, runs `node --check`, and classifies `INVALID_SYNTAX`, `TIMEOUT`, `SURVIVED`, `KILLED_ASSERTION`, `ERROR_REQUIRES_REVIEW`. Snippet: `/ERR_ASSERTION/.test(result.stdout) ? 'KILLED_ASSERTION' : 'ERROR_REQUIRES_REVIEW'`. Only killed/survived grade the score, and any ungraded result makes its process exit fail. It reuses `generateMutants` without modifying shared engine/released source.
.ai/workflow-reliability/research.md:198: trailing whitespace.
+
.ai/workflow-reliability/research.md:199: trailing whitespace.
+**INFERENCE:** this provides concrete conservative evidence/classification patterns, but assertion-string matching is not an authenticated proof of root cause, and this bounded backend sample is neither CJS coverage nor generic diff discovery. The old case study remains historical evidence, not implementation scope.
.ai/workflow-reliability/research.md:200: trailing whitespace.
+
.ai/workflow-reliability/research.md:201: trailing whitespace.
+### E20 — Controlled diagnosis and current migration tests
.ai/workflow-reliability/research.md:202: trailing whitespace.
+
.ai/workflow-reliability/research.md:203: trailing whitespace.
+**FACT:** `examples\team-planner\scripts\diagnose.mjs:12–17` expressly labels “Controlled filter-after-pagination defect; cause disclosed, not blind diagnosis”. Lines 25–35 name/check the exact injection sites; lines 36–74 compare baseline/fault/restored source, ten observations per phase, original/minimized regression tests, exclude timeouts/syntax/module failures, and check exact restoration hashes. No blind diagnosis was performed by this script.
.ai/workflow-reliability/research.md:204: trailing whitespace.
+
.ai/workflow-reliability/research.md:205: trailing whitespace.
+**FACT:** `examples\team-planner\scripts\diagnosis-probes.mjs:10–31,33–49` records HTTP and direct-rule summaries, progressively removes tasks/projects and includes a page-size control. `examples\team-planner\test\diagnosis.test.mjs:6–35` constructs a done task then todo task and asserts filtered first-page identity/count. These are useful discriminating behavioral checks, not hidden causal discovery.
.ai/workflow-reliability/research.md:206: trailing whitespace.
+
.ai/workflow-reliability/research.md:207: trailing whitespace.
+**FACT:** `examples\team-planner\test\migration.test.mjs:17–47` asserts v1/v2 decoding and rejection of legacy writes without byte changes. Its subsequent CLI, backup, rollback, corruption/lock and HTTP tests inspect current application behavior. No workflow readiness ledger is imported or read by this suite. It does not assert an independent compatibility review/browser result predates writer retirement.
.ai/workflow-reliability/research.md:208: trailing whitespace.
+
.ai/workflow-reliability/research.md:209: trailing whitespace.
+### E21 — Actual repository orchestration surfaces
.ai/workflow-reliability/research.md:210: trailing whitespace.
+
.ai/workflow-reliability/research.md:211: trailing whitespace.
+**FACT:** `launchers\claude\commands\bulletproof.md:5–11` and `launchers\pi\prompts\bulletproof.md:5–10` tell the host to load the skill and follow phases. `launchers\copilot\agents\bulletproof.agent.md:7–9,22–35` is similarly instructional, linking planning/checks and probe/review. These files implement no executable hook, factory, gate admission or role-attestation API.
.ai/workflow-reliability/research.md:212: trailing whitespace.
+
.ai/workflow-reliability/research.md:213: trailing whitespace.
+**FACT:** `references\parallel-execution.md:17–35` describes isolated file-disjoint workers and serialized shared prerequisites. `docs\architecture.md:72–78` explicitly says “Check the current host's exposed capabilities”; these documents do not establish capabilities of this session's host.
.ai/workflow-reliability/research.md:214: trailing whitespace.
+
.ai/workflow-reliability/research.md:215: trailing whitespace.
+**FACT:** `install.ps1:45–55` and `install.sh:61–69` copy SKILL, references, scripts and assets into the installed bundle. By contrast `evals\agent\live.mjs:25–32` stages only SKILL and references. **INFERENCE:** the live bundle does not by itself supply the skill's scripts, so a guarded-command evaluation cannot assume that existing staging already mirrors all production executable assets.
.ai/workflow-reliability/research.md:216: trailing whitespace.
+
.ai/workflow-reliability/research.md:217: trailing whitespace.
+### E22 — What the live harness really verifies
.ai/workflow-reliability/research.md:218: trailing whitespace.
+
.ai/workflow-reliability/research.md:219: trailing whitespace.
+**FACT:** `evals\agent\live.mjs:60–73`, `observeProcess(ws, seedBranch, seedSha)`, reads branch/commits/seed advancement and returns `scoreProcess` of four booleans. `evals\agent\process.mjs:16–21,30–31` rewards commit/branch/conventional subject and hard-zeroes a commit to the seed/default branch. There is no review, design, due-check, metrics completeness, source-freshness or producer-context inspection.
.ai/workflow-reliability/research.md:220: trailing whitespace.
+
.ai/workflow-reliability/research.md:221: trailing whitespace.
+**FACT:** `evals\agent\live.mjs:99–137`, `runOnce(arm)`, prepares a new workspace, initializes/seeds Git, either copies a reference plus own tests for dry-run or invokes pi, scores an existing deliverable, optionally observes Git hygiene and deletes/retains the workspace. Dry-run sets `proc = null`. `buildPrompt` is not used in dry-run. `evals\agent\live.mjs:140–164` prints repeated-run composite statistics; it does not persist a workflow evidence transition report.
.ai/workflow-reliability/research.md:222: trailing whitespace.
+
.ai/workflow-reliability/research.md:223: trailing whitespace.
+**FACT:** `evals\agent\pi.mjs:13–23` requests `-p --no-session -nc -ne -np -ns`, adding `--skill` for bulletproof. `invokePi` at lines 29–45 calls shell `spawnSync` with wall-clock timeout and returns status/time/output. No resume operation, subagent dispatch contract or child-identity attestation is implemented by this adapter.
.ai/workflow-reliability/research.md:224: trailing whitespace.
+
.ai/workflow-reliability/research.md:225: trailing whitespace.
+**INFERENCE:** v2 is genuine agent-in-the-loop **production of a deliverable** when not dry-run, but not evidence that the full Bulletproof workflow passed. A new workspace per sample is not changed-prerequisite resume from durable artifacts. Documentation of prior live scores is not a current run or proof of causal effectiveness for the requested changes.
.ai/workflow-reliability/research.md:226: trailing whitespace.
+
.ai/workflow-reliability/research.md:227: trailing whitespace.
+### E23 — Held-out and neutral-input conventions
.ai/workflow-reliability/research.md:228: trailing whitespace.
+
.ai/workflow-reliability/research.md:229: trailing whitespace.
+**FACT:** `evals\agent\workspace.mjs:15–29`, `prepWorkspace({projectAbs,agent})`, copies `agent.seed`, writes SPEC from inline requirement or file, and returns ws/armDir. The convention is to omit oracle. It does not validate every arbitrary `agent.seed` path to guarantee no oracle could ever be copied.
.ai/workflow-reliability/research.md:230: trailing whitespace.
+
.ai/workflow-reliability/research.md:231: trailing whitespace.
+**FACT:** `evals\agent\workspace.mjs:35–47`, `buildPrompt({arm,armFile})`, specifies the deliverable, explicit TS imports and arm-limited edits; the difference is the bulletproof directive. `evals\agent\agent.test.mjs:41–45,49–60` asserts neutrality and withheld oracle for its shared-only seed. This is a bounded tested seam for separating participant inputs from grader inputs, not a general sandbox.
.ai/workflow-reliability/research.md:232: trailing whitespace.
+
.ai/workflow-reliability/research.md:233: trailing whitespace.
+**FACT:** `evals\tasks\paginator\task.json:4–18` labels the task `bugfix` but its live seed is only `shared`, output `arm/index.ts`, and dry-run reference is bulletproof/index.ts. **INFERENCE:** that label alone does not establish a live seeded-defect diagnosis or resume experiment.
.ai/workflow-reliability/research.md:234: trailing whitespace.
+
.ai/workflow-reliability/research.md:235: trailing whitespace.
+### E24 — Oracle protocol, proof commands and conventions
.ai/workflow-reliability/research.md:236: trailing whitespace.
+
.ai/workflow-reliability/research.md:237: trailing whitespace.
+**FACT:** `benchmark\projects\median-backfill\oracle\oracle.test.ts:8–32` uses `ARM_PATH` and `SUBJECT_PATH`, strips `NODE_TEST_CONTEXT`, tests correct-subject success and planted-mutant failure. It is a held-out **test-suite grader**, not a diagnosis evaluator. Its `r.status === 0` predicate does not by itself distinguish every behavioral/setup failure.
.ai/workflow-reliability/research.md:238: trailing whitespace.
+
.ai/workflow-reliability/research.md:239: trailing whitespace.
+**FACT:** `CONTRIBUTING.md:11–15,31–44` requires existing unit/eval gates; lines 77–91 make SKILL canonical, phase triggers mandatory, and warn that regression checks do not establish prompt-effectiveness improvement. `evals\README.md:89–92` explains JSON is used to stay dependency-free rather than add YAML parsing. `references\code-clarity.md:14–29,95–103` preserves visible flow/useful responsibilities, explicit state/failures and no framework/size-metric gaming.
.ai/workflow-reliability/research.md:240: trailing whitespace.
+
.ai/workflow-reliability/research.md:241: trailing whitespace.
+**FACT:** `references\testing-and-e2e.md:22–33` requires an observed relevant behavioral red before implementation and says “A syntax error, missing dependency, or broken fixture is not the intended red signal.” `references\diagnosis.md:20–35,59–75` requires exact reproduction context, symptom-specific failure or explicit blocker, supported cause, and rerunning the original case. These are the existing procedural contracts behind the requested setup-as-red and diagnosis evaluations.
.ai/workflow-reliability/research.md:242: trailing whitespace.
+
.ai/workflow-reliability/research.md:243: trailing whitespace.
+**FACT — verified command definitions, all NOT RUN here:**
.ai/workflow-reliability/research.md:244: trailing whitespace.
+
.ai/workflow-reliability/research.md:245: trailing whitespace.
+| Existing command | Definition / prerequisites | Meaning and side effects |
.ai/workflow-reliability/research.md:246: trailing whitespace.
+|---|---|---|
.ai/workflow-reliability/research.md:247: trailing whitespace.
+| `node evals\run.mjs` | `CONTRIBUTING.md:31–44`; `evals\run.mjs:15–46,103–113`; Node >=22, UI task needs benchmark Playwright setup | Fixed-corpus regression; writes eval reports and scorer scratch/workspaces. Not procedural workflow proof. |
.ai/workflow-reliability/research.md:248: trailing whitespace.
+| `node --test evals\lib\*.test.mjs evals\agent\agent.test.mjs` | `CONTRIBUTING.md:35–38` | Scoring/mutation/host adapter tests. Some tests create/delete copied workspaces; prohibited in this research assignment. |
.ai/workflow-reliability/research.md:249: trailing whitespace.
+| `node evals\agent\live.mjs --task paginator --dry-run` | `evals\agent\live.mjs:7,36–47,106–113`; `CONTRIBUTING.md:38` | Copies reference; initializes Git/workspace; no model invocation and no process adherence observation. |
.ai/workflow-reliability/research.md:250: trailing whitespace.
+| `node evals\agent\live.mjs --task paginator --arms bulletproof` | `evals\agent\live.mjs:8,115–118`; `evals\agent\pi.mjs:29–45` | External pi prerequisite; creates/mutates isolated workspace and invokes model. Not run or availability-checked. |
.ai/workflow-reliability/research.md:251: trailing whitespace.
+| `node examples\team-planner\scripts\check.mjs all` | `examples\team-planner\scripts\check.mjs:5–14`; package engines Node >=24 | Current example native tests; tests create app data and may start HTTP/children. |
.ai/workflow-reliability/research.md:252: trailing whitespace.
+| `node examples\team-planner\scripts\check.mjs coverage` | same file lines 12–13 | Coverage includes `src/**`, not full changed-line/browser coverage. |
.ai/workflow-reliability/research.md:253: trailing whitespace.
+| `node examples\team-planner\scripts\diagnose.mjs` / `mutation.mjs` | respective CLI guards at line 8 | Controlled copy/mutate/evidence exercises under app `.work`; not permitted during research. |
.ai/workflow-reliability/research.md:254: trailing whitespace.
+| managed Python `-B scripts\run.py --idle 30 --max 45 -- node --version` | `scripts\run.py:143–219` | **Executed** read-only version inspection; returned v24.11.1. Same wrapper used for branch/status/tracked-file inspections. |
.ai/workflow-reliability/research.md:255: trailing whitespace.
+
.ai/workflow-reliability/research.md:256: trailing whitespace.
+**FACT:** `scripts\probe.py:409–418`, `evals\lib\score.mjs:115–153`, `evals\agent\workspace.mjs:16` and `evals\agent\live.mjs:28` create temporary/worktree state. These were read, not invoked. Existing commands' scratch policy must be reconciled with any later execution authorization; this research does not authorize temp-directory writes or changing the old case study.
.ai/workflow-reliability/research.md:257: trailing whitespace.
+
.ai/workflow-reliability/research.md:258: trailing whitespace.
+### E25 — Communication, rubric and report consumers
.ai/workflow-reliability/research.md:259: trailing whitespace.
+
.ai/workflow-reliability/research.md:260: trailing whitespace.
+**FACT:** `references\communication.md:26–29` says progress uses verified state, blocker reports retain cause uncertainty, completion names incomplete delivery. Lines 73–77 require consistency with evidence/current state; lines 79–90 explicitly call its cases illustrative, not real-run claims. There is no gate-state query implemented there.
.ai/workflow-reliability/research.md:261: trailing whitespace.
+
.ai/workflow-reliability/research.md:262: trailing whitespace.
+**FACT:** `references\final-report.md:20–23,35–40,107–113` requires truthful gate rows, actual AC verdicts from traceability, unavailable measurements, assumptions and exact finishing commands, then a concise matching chat summary. `references\review-and-pr.md:153–157` consumes metrics and requires regeneration after changes. `SKILL.md:391–399` combines due independent verification, probe, review, report and publication state.
.ai/workflow-reliability/research.md:263: trailing whitespace.
+
.ai/workflow-reliability/research.md:264: trailing whitespace.
+**FACT:** `README.md:142–157,173–185` and `docs\architecture.md:57–66` describe the probe/mutation and report chain. README's fallback “cold self re-read” at lines 173–176 contradicts current mandatory fresh-context/no-inline-review policy in `SKILL.md:357–365` and `references\delegation.md:19–24`. This is a directly relevant consumer inconsistency, not authority to weaken independence.
.ai/workflow-reliability/research.md:265: trailing whitespace.
+
.ai/workflow-reliability/research.md:266: trailing whitespace.
+**INFERENCE:** these human-facing consumers currently depend on agent-maintained state/traceability/metric summaries; no inspected executable producer supplies a single authoritative readiness result (S2). AC08's requested source of truth must not be mistaken for the already-existing presentation guidance.
.ai/workflow-reliability/research.md:267: trailing whitespace.
+
.ai/workflow-reliability/research.md:268: trailing whitespace.
+### E26 — Historical observations and what they do not prove
.ai/workflow-reliability/research.md:269: trailing whitespace.
+
.ai/workflow-reliability/research.md:270: trailing whitespace.
+**FACT (historical record):** `.ai\workflow-app-verification\review.json:3–18` identifies an independent final review dated 2026-09-16 with its own earlier base/review snapshot. It says `qualityVerdict: "NOT-MET"`, `fullWorkflowCompliance: "NOT-VERIFIED"` and expressly describes a case study rather than an all-gates/causal-effectiveness claim.
.ai/workflow-reliability/research.md:271: trailing whitespace.
+
.ai/workflow-reliability/research.md:272: trailing whitespace.
+**FACT (historical record):** `.ai\workflow-app-verification\review.json:106–115` states seven test-first cycles, missing per-slice independent gates and migration browser-before-retirement, plus bounded handoff/checkpoint observations. Lines 294–302 list historical temporal deficits including same-context re-anchoring rather than fresh-context resume and unavailable metrics.
.ai/workflow-reliability/research.md:273: trailing whitespace.
+
.ai/workflow-reliability/research.md:274: trailing whitespace.
+**INFERENCE:** these observations motivate this task but cannot prove either present script correctness or a newly executed workflow scenario. Current findings E01–E25 come from reopened source, not treating old review conclusions as current implementation. No historical record was edited or retroactively upgraded.
.ai/workflow-reliability/research.md:275: trailing whitespace.
+
.ai/workflow-reliability/research.md:276: trailing whitespace.
+## Gaps and search evidence
.ai/workflow-reliability/research.md:277: trailing whitespace.
+
.ai/workflow-reliability/research.md:278: trailing whitespace.
+All searches below were scoped to this worktree. No Agency source, main checkout, external repositories, remote publication API or installed host implementation was inspected. Search absence is bounded by the listed scope; a naming search alone was followed by reading the actual entry points.
.ai/workflow-reliability/research.md:279: trailing whitespace.
+
.ai/workflow-reliability/research.md:280: trailing whitespace.
+| ID | Search / inventory | Observed result and limit |
.ai/workflow-reliability/research.md:281: trailing whitespace.
+|---|---|---|
.ai/workflow-reliability/research.md:282: trailing whitespace.
+| **S1** | `rg 'probe\.py\|mutate\.py\|run\.py\|run_capture\|metrics\.json\|mutation\.json' evals benchmark examples -g '*.{mjs,js,cjs,ts,py,json}'`; read all three scripts and eval library/agent tests; list `scripts`/`evals` files | **FACT:** no executable references to the generic Python scripts/report paths in that scope. Scripts contain their own calls; docs/launchers reference them. No generic Python regression test found there. This does not claim no historical/manual test ever ran. |
.ai/workflow-reliability/research.md:283: trailing whitespace.
+| **S2** | `rg 'due_checks\|producer_id\|context_id\|source_hash\|contract_hash\|gate\.json\|gate_record\|guarded\|resume\|retirement\|missing.review\|stale.evidence' scripts evals launchers assets -g '*.{py,mjs,js,cjs,json,md}'`; read run.py, live/pi/process/workspace and artifact JSON export | **FACT:** only launcher prose matched resume. No durable source/contract/producer-bound readiness evaluator or guarded transition admission was found in these executable surfaces. Different possible spellings elsewhere and external hosts are not disproven. |
.ai/workflow-reliability/research.md:284: trailing whitespace.
+| **S3** | reference file inventory; `rg 'current.design\|current.contract\|design.current\|supersed\|retire\|earlier\|compatib' references\design-doc.md references\planning.md references\workspace.md references\research.md SKILL.md`; filename glob for migration/resume/workflow/probe/run/mutate tests in scripts/evals/benchmark/examples | **FACT:** generic migration guidance and supersession/resume prose exist; no standalone migration reference/current-design artifact contract found. Test-name hits were eval textual mutation and example migration. Source-read validation is E16–E20, not filename inference alone. |
.ai/workflow-reliability/research.md:285: trailing whitespace.
+| **S4** | broader `rg 'missing.?review\|setup.as.red\|stale.?evidence\|fresh.context\|resume\|retire\|migration\|diagnos\|gate'` across scripts/evals/benchmark/launchers/references/docs, followed by example diagnosis/migration reads | **FACT:** inspected evals expose fixed task scoring and Git-hygiene live scoring, not procedural negative transition/resume/retirement tests. Example diagnosis is explicitly cause-disclosed. No held-out diagnosis evaluation was found in these sources. Existing held-out acceptance/mutation oracles are not being described as absent. |
.ai/workflow-reliability/research.md:286: trailing whitespace.
+| **S5** | recursive worktree instruction-name inventory for `AGENTS.md`, `CLAUDE.md`, `copilot-instructions.md`, `*.instructions.md`, `.cursorrules`; read CONTRIBUTING/SKILL/profile and relevant references | **FACT:** no matching additional instruction file was returned. CONTRIBUTING/SKILL and the user assignment constrain this work. No claim is made about external inherited host instructions. |
.ai/workflow-reliability/research.md:287: trailing whitespace.
+
.ai/workflow-reliability/research.md:288: trailing whitespace.
+## Risks, unknowns and handoff
.ai/workflow-reliability/research.md:289: trailing whitespace.
+
.ai/workflow-reliability/research.md:290: trailing whitespace.
+1. **UNKNOWN — new runtime outcomes (AC01–AC06, AC09):** static failures above were not reproduced, and no changed code exists in this assignment. The next authorized verifier needs actual subprocess/fixture evidence, including wrong-reason failures, positive executed checks, stale artifacts, non-dispatched commands, and fresh-process resume. Relevant causal sources: E01–E09, E14, E16–E24. This is a validation boundary, not an unverified design API.
.ai/workflow-reliability/research.md:291: trailing whitespace.
+2. **UNKNOWN — external analyzer behavior/availability (AC02):** this pass did not install or run jscpd/lizard/madge/semgrep/knip/mutmut/Stryker. Their executable coverage cannot be inferred solely from filename support in Python or old availability logs (`scripts\probe.py:66–81,129–250`). Required missing proof must remain visibly missing.
.ai/workflow-reliability/research.md:292: trailing whitespace.
+3. **UNKNOWN — host capabilities/identity (AC03–AC06):** actual host session creation, permissions and identity verification are outside this repository. The pi adapter only demonstrates the flags/command it sends (`evals\agent\pi.mjs:13–45`), not successful installed pi execution or independent subagent attestation. A parent-host fresh-context exercise and a deterministic protocol test prove different things; neither should be relabeled as authenticated independence.
.ai/workflow-reliability/research.md:293: trailing whitespace.
+4. **FACT — intentionally unresolved design choices:** which measurements are required in which task, exact new record interfaces, transition vocabulary and migration/current-design representation belong to the next design phase. This report provides existing facts and gaps, not a speculative framework or new file-layout proposal (`references\research.md:3–6,29–40`).
.ai/workflow-reliability/research.md:294: trailing whitespace.
+5. **FACT — parent acceptance remains separate:** `references\research.md:175–189` requires reading this artifact, sampling three citations plus applicable cross-component/not-found claims, resolving design-changing unknowns and passing the handoff onward. No source changes, test passes, historical gate repairs or publication success are claimed.
.ai/workflow-reliability/research.md:295: trailing whitespace.
+
.ai/workflow-reliability/research.md:296: trailing whitespace.
+**Handoff reading order:** state.md → E01–E10 (generic tooling semantics) → E15–E18/E21–E23 (durability and actual dispatch boundaries) → E11–E14/E19–E24 (existing proof and reuse) → AC table/S1–S5 → consumer E25 and historical limits E26.
.ai/workflow-reliability/research.md:297: trailing whitespace.
+
.ai/workflow-reliability/research.md:298: trailing whitespace.
+**Artifact:** `.ai\workflow-reliability\research.md`. Source citations refer to the stated snapshot; the task state and artifact directories are explicitly worktree evidence. Re-anchor affected citations if the parent changes source before design or implementation.
.ai/workflow-reliability/state.md:1: trailing whitespace.
+# Workflow reliability improvements
.ai/workflow-reliability/state.md:2: trailing whitespace.
+
.ai/workflow-reliability/state.md:3: trailing whitespace.
+## Current state
.ai/workflow-reliability/state.md:4: trailing whitespace.
+- Requirement: implement the prioritized recommendations from the 29-feature evaluation.
.ai/workflow-reliability/state.md:5: trailing whitespace.
+- Tier: full workflow; executable tooling and workflow contracts change.
.ai/workflow-reliability/state.md:6: trailing whitespace.
+- Base: `bcc971d3b64559127dfc43eb0bfd4348c42803ca`.
.ai/workflow-reliability/state.md:7: trailing whitespace.
+- Branch: `shbs-microsoft-workflow-app-verification` (existing task branch).
.ai/workflow-reliability/state.md:8: trailing whitespace.
+- Phase: I1 implementation; research, revised design and first-task readiness accepted.
.ai/workflow-reliability/state.md:9: trailing whitespace.
+- Human design approval: unconfirmed; proceeding under the session's explicit autopilot policy.
.ai/workflow-reliability/state.md:10: trailing whitespace.
+- Publication: previously blocked by GitHub 403 / Enterprise Managed User policy. Do not retry or bypass without authorized access changing.
.ai/workflow-reliability/state.md:11: trailing whitespace.
+- Scope: repository `scripts`, relevant workflow references/canonical skill entry point, and native regression/evaluation tests. Preserve the completed planner case study as historical evidence.
.ai/workflow-reliability/state.md:12: trailing whitespace.
+
.ai/workflow-reliability/state.md:13: trailing whitespace.
+## Acceptance criteria
.ai/workflow-reliability/state.md:14: trailing whitespace.
+1. **AC01 / P0:** ESM and CJS changes reach discovery, supported mutation operators and the correct native test execution path; genuine behavioral outcomes are distinguished from setup errors.
.ai/workflow-reliability/state.md:15: trailing whitespace.
+2. **AC02 / P0:** Metric reports distinguish measured regression status from required-measurement completeness. Unsupported/unavailable required proof cannot produce a misleading overall pass. Update consumers and documentation together.
.ai/workflow-reliability/state.md:16: trailing whitespace.
+3. **AC03 / P0:** Increment readiness uses durable evidence bound to source/contracts, due checks and distinct producer roles/contexts. Missing, stale or mismatched evidence blocks a guarded next transition.
.ai/workflow-reliability/state.md:17: trailing whitespace.
+4. **AC04 / P0:** Provide a real guarded execution entry point using the repository's existing process conventions. State its trust boundary: it controls commands routed through it, not arbitrary agent/tool access or authenticated identity.
.ai/workflow-reliability/state.md:18: trailing whitespace.
+5. **AC05 / P1:** Verify fresh-context resume after prerequisite changes using artifacts alone, preserving unaffected evidence and identifying/reopening affected work.
.ai/workflow-reliability/state.md:19: trailing whitespace.
+6. **AC06 / P1:** Add behavioral workflow failure evaluations for absent review, setup-as-red, stale evidence, unavailable required metrics and premature compatibility retirement. Include a genuinely held-out diagnosis exercise, without presenting fixed fixtures as live-model effectiveness proof.
.ai/workflow-reliability/state.md:20: trailing whitespace.
+7. **AC07 / P1:** Keep historical design records and an explicit current contract; bind migration retirement to earlier compatibility evidence and wire the canonical workflow triggers.
.ai/workflow-reliability/state.md:21: trailing whitespace.
+8. **AC08 / P2:** Strengthen scoped research claims and explicit supersession of corrected claims; derive communication status from authoritative readiness rather than separate optimistic summaries.
.ai/workflow-reliability/state.md:22: trailing whitespace.
+9. **AC09:** Preserve existing native/evaluation behavior except explicitly documented metric/guard outcome changes. Independently verify and review each increment before proceeding; retain conservative unavailable results and exact replay commands.
.ai/workflow-reliability/state.md:23: trailing whitespace.
+
.ai/workflow-reliability/state.md:24: trailing whitespace.
+## Planned priority order
.ai/workflow-reliability/state.md:25: trailing whitespace.
+- Research and reviewed design for the full scope; separate fresh-context planning.
.ai/workflow-reliability/state.md:26: trailing whitespace.
+- Increment 1: P0 ESM support and metric outcome semantics.
.ai/workflow-reliability/state.md:27: trailing whitespace.
+- Increment 2: P0 guarded evidence transitions and P1 resume/failure evaluations.
.ai/workflow-reliability/state.md:28: trailing whitespace.
+- Increment 3: remaining P1/P2 contract, research and communication integration; final regressions.
.ai/workflow-reliability/state.md:29: trailing whitespace.
+- Actual increments and executable checks will be fixed by the accepted design and plan.
.ai/workflow-reliability/state.md:30: trailing whitespace.
+
.ai/workflow-reliability/state.md:31: trailing whitespace.
+## Decisions and exclusions
.ai/workflow-reliability/state.md:32: trailing whitespace.
+- No new framework, dependency or factory merely for orchestration.
.ai/workflow-reliability/state.md:33: trailing whitespace.
+- No claim that self-declared producer IDs establish authenticated independence.
.ai/workflow-reliability/state.md:34: trailing whitespace.
+- No claim that a workflow CLI can prevent actions outside that CLI.
.ai/workflow-reliability/state.md:35: trailing whitespace.
+- No rewrite of the successful code-clarity guidance or benchmark threshold weakening.
.ai/workflow-reliability/state.md:36: trailing whitespace.
+- No repeated uncoached model-effectiveness study claimed by deterministic tests.
.ai/workflow-reliability/state.md:37: trailing whitespace.
+
.ai/workflow-reliability/state.md:38: trailing whitespace.
+## Next action
.ai/workflow-reliability/state.md:39: trailing whitespace.
+Complete and integrate I1 measurement code, then obtain independent CLI verification and
.ai/workflow-reliability/state.md:40: trailing whitespace.
+separate review. I2 remains gated on I1's required quality proof.
.ai/workflow-reliability/state.md:41: trailing whitespace.
+
.ai/workflow-reliability/state.md:42: trailing whitespace.
+## Implementation checkpoint
.ai/workflow-reliability/state.md:43: trailing whitespace.
+- Compaction occurred during I1. Re-anchored from state, research, revised design and source;
.ai/workflow-reliability/state.md:44: trailing whitespace.
+  this is not the planned fresh-agent resume experiment. The increment was too large for
.ai/workflow-reliability/state.md:45: trailing whitespace.
+  one context and must not be represented as an uninterrupted execution.
.ai/workflow-reliability/state.md:46: trailing whitespace.
+- Standalone evidence primitives and ten initial tests implemented.
.ai/workflow-reliability/state.md:47: trailing whitespace.
+- Probe behavioral red: five existing-behavior tests produced seven assertion failures
.ai/workflow-reliability/state.md:48: trailing whitespace.
+  before implementation (`evidence/i1-probe-red.log`).
.ai/workflow-reliability/state.md:49: trailing whitespace.
+- First probe run after implementation: 13 tests pass (`evidence/i1-probe-tests.log`);
.ai/workflow-reliability/state.md:50: trailing whitespace.
+  additional validation is still pending. Missing-new-API failures were not counted as red.
.ai/workflow-reliability/state.md:51: trailing whitespace.
+- Native mutation/reporter lane is owned by a separate implementer. Integrated proof and
.ai/workflow-reliability/state.md:52: trailing whitespace.
+  independent verification/review have not happened yet.
.ai/workflow-reliability/state.md:53: trailing whitespace.
+- Required unsupported collectors remain an explicit advancement blocker, not an exception
.ai/workflow-reliability/state.md:54: trailing whitespace.
+  granted by these functional test passes.
.ai/workflow-reliability/state.md:55: trailing whitespace.
+- Integration found and corrected a shared-run-directory collision between probe and mutation.
.ai/workflow-reliability/state.md:56: trailing whitespace.
+  The positive real-CLI test now measures a genuine 100% assertion kill while the overall
.ai/workflow-reliability/state.md:57: trailing whitespace.
+  report correctly remains incomplete (`evidence/i1-probe-positive-integration.log`).
.ai/workflow-reliability/state.md:58: trailing whitespace.
+- Full native/corpus runs exposed a Windows CLI stdout encoding error and a genuine corpus
.ai/workflow-reliability/state.md:59: trailing whitespace.
+  threshold failure: csv-stats-cli scored 8/9, below 0.9. Both are under investigation;
.ai/workflow-reliability/state.md:60: trailing whitespace.
+  neither run is a pass and the threshold has not been weakened.
.ai/workflow-reliability/state.md:61: trailing whitespace.
+- Integrated Python run: 47/47 passed before additional command-binding/freshness checks.
.ai/workflow-reliability/state.md:62: trailing whitespace.
+  The added post-publication check then showed parent metrics immediately stale the child
.ai/workflow-reliability/state.md:63: trailing whitespace.
+  source hash (`evidence/i1-child-freshness-red.log`). Reopened output-ownership integration:
.ai/workflow-reliability/state.md:64: trailing whitespace.
+  exact same-run generated report paths must be excluded, not arbitrary contracts. Recorded
.ai/workflow-reliability/state.md:65: trailing whitespace.
+  the clarification in design-contracts.json; independent review must include this delta.
.ai/workflow-reliability/state.md:66: trailing whitespace.
+- Actual probe run `66575942a94040d0b4d7c160f4107d5e` exited 1 with
.ai/workflow-reliability/state.md:67: trailing whitespace.
+  measurement_status=unavailable, completeness=incomplete and verdict=fail. All nine required
.ai/workflow-reliability/state.md:68: trailing whitespace.
+  metrics lacked complete proof; diff coverage and architecture have no implemented
.ai/workflow-reliability/state.md:69: trailing whitespace.
+  collector. This observation is historical after subsequent edits, not final fresh proof.
.ai/workflow-reliability/state.md:70: trailing whitespace.
+  No waiver or advancement to I2 was made.
.ai/workflow-reliability/state.md:71: trailing whitespace.
+
.ai/workflow-reliability/state.md:72: trailing whitespace.
+## Gate 1 acceptance
.ai/workflow-reliability/state.md:73: trailing whitespace.
+- Research: `research.md`, inspected at the base snapshot; all nine ACs covered.
.ai/workflow-reliability/state.md:74: trailing whitespace.
+- Parent checked mutation grading (`scripts/mutate.py:326-335`), overall metric verdict (`scripts/probe.py:457-495`) and check ownership/timing (`references/planning.md:118-121`) against source. Cross-consumer/procedural gaps are bounded by the documented inspections, not inferred from names alone.
.ai/workflow-reliability/state.md:75: trailing whitespace.
+- Root causes established: ESM/CJS discovery and native-runner routing gaps; nonzero process failures counted as mutant kills; unavailable metrics and stale mutation artifacts can yield misleading results; existing gate/resume requirements lack a repository runtime admission path.
.ai/workflow-reliability/state.md:76: trailing whitespace.
+- External analyzer availability is not assumed. New protocol identities will remain self-declared and enforcement limited to its guarded entry point.
.ai/workflow-reliability/state.md:77: trailing whitespace.
+- Existing native baseline: 51/51 pass (`evidence/baseline-native.log`); this is not a new-feature pass.
.ai/workflow-reliability/state.md:78: trailing whitespace.
+
.ai/workflow-reliability/state.md:79: trailing whitespace.
+## Gate 2 acceptance
.ai/workflow-reliability/state.md:80: trailing whitespace.
+- `design.html` and `design-contracts.json` r2 accepted after the independent review resolved DR1-DR7 (`design-review.md`).
.ai/workflow-reliability/state.md:81: trailing whitespace.
+- Measurement-first code has no dependency on future workflow-ledger/adoption machinery.
.ai/workflow-reliability/state.md:82: trailing whitespace.
+- Scope observation is not a sandbox; identities remain self-declared; uncertain child recovery remains blocked.
.ai/workflow-reliability/state.md:83: trailing whitespace.
+- The design no longer invents a restriction on private owned temporary directories or an unavailable host isolation API.
.ai/workflow-reliability/state.md:84: trailing whitespace.
+- Parent rendered r2 through agent-browser: three printed pages, two visible diagrams, zero browser errors/console messages (`evidence/document-rendering.json`).
.ai/workflow-reliability/state.md:85: trailing whitespace.
+- Parent accepts the design under autopilot. Human design approval remains unconfirmed; no approval was inferred from silence.
.ai/workflow-reliability/state.md:86: trailing whitespace.
+
.ai/workflow-reliability/state.md:87: trailing whitespace.
+## Gate 3 consumer readiness
.ai/workflow-reliability/state.md:88: trailing whitespace.
+- Separate fresh-context `plan.html` / `tasks.json` r1 received: 11 tasks, three ordered increments, explicit owners, argv, bounds and assertions.
.ai/workflow-reliability/state.md:89: trailing whitespace.
+- Parent walked I1.T1: approved standalone interfaces and stdlib tests are sufficient; no future workflow files are needed.
.ai/workflow-reliability/state.md:90: trailing whitespace.
+- Parent walked I1.T4 -> I2.T1: independent verification/review and required quality proof are prerequisites. Missing collectors and broader-language mutation remain a named advancement risk, not a waived check or an assumed future pass.
.ai/workflow-reliability/state.md:91: trailing whitespace.
+- Final design and plan each render to three pages; all three diagrams are visible and browser errors/console messages are empty.
.ai/workflow-reliability/state.md:92: trailing whitespace.
+- Planned commands are not execution evidence. New module import failures will not be counted as behavioral red.
.ai/workflow-reliability/traceability.md:1: trailing whitespace.
+# Reliability acceptance traceability
.ai/workflow-reliability/traceability.md:2: trailing whitespace.
+
.ai/workflow-reliability/traceability.md:3: trailing whitespace.
+The current requirement and exclusions are in `state.md`. Initial statuses below are planned, not proof.
.ai/workflow-reliability/traceability.md:4: trailing whitespace.
+
.ai/workflow-reliability/traceability.md:5: trailing whitespace.
+| AC | Priority | Contract | Status | Evidence |
.ai/workflow-reliability/traceability.md:6: trailing whitespace.
+|---|---|---|---|---|
.ai/workflow-reliability/traceability.md:7: trailing whitespace.
+| AC01 | P0 | ESM/CJS discovery, mutation routing and behavioral classification | Planned | research.md E01-E06 |
.ai/workflow-reliability/traceability.md:8: trailing whitespace.
+| AC02 | P0 | Honest measured status, completeness and fresh metric evidence | Planned | research.md E07-E10 |
.ai/workflow-reliability/traceability.md:9: trailing whitespace.
+| AC03 | P0 | Source/contract/check/producer-bound increment readiness | Planned | research.md E15-E18 |
.ai/workflow-reliability/traceability.md:10: trailing whitespace.
+| AC04 | P0 | Real guarded command admission with explicit trust limits | Planned | research.md E05/E21-E23 |
.ai/workflow-reliability/traceability.md:11: trailing whitespace.
+| AC05 | P1 | Artifact-only fresh-context resume and scoped invalidation | Planned | research.md E16-E17/E22 |
.ai/workflow-reliability/traceability.md:12: trailing whitespace.
+| AC06 | P1 | Behavioral failure evaluations and held-out diagnosis | Planned | research.md E12-E14/E20-E24 |
.ai/workflow-reliability/traceability.md:13: trailing whitespace.
+| AC07 | P1 | Historical/current contract distinction and pre-retirement proof | Planned | research.md E17-E18 |
.ai/workflow-reliability/traceability.md:14: trailing whitespace.
+| AC08 | P2 | Scoped corrected research and authoritative status communication | Planned | research.md E18/E25 |
.ai/workflow-reliability/traceability.md:15: trailing whitespace.
+| AC09 | All | Independent per-increment verification/review and preserved regressions | Baseline only | evidence/baseline-native.log |
